ID,Product Name,Product Description,Price,Availability,Color,Img Path,Product Link,Sizes,Category
ALK231009,Fabrics 3 Piece Suit,Printed Light Khaddar | Top Bottoms Dupatta,3490,In Stock,NAVY,images\ALK231009,https://pk.khaadi.com/fabrics-3-piece-suit-alk231009-1001785332.html,"S, M, L, XL",2 Piece
BLK231004,Fabrics 3 Piece Suit,Printed Embroidered Light Khaddar | Top Bottoms Dupatta,4290,In Stock,OLIVE,images\BLK231004,https://pk.khaadi.com/fabrics-3-piece-suit-blk231004-1001786404.html,"S, M, L, XL",2 Piece
ACA231008,Fabrics 3 Piece Suit,Printed Cambric | Top Bottoms Dupatta,3490,In Stock,BEIGE,images\ACA231008,https://pk.khaadi.com/fabrics-3-piece-suit-aca231008-1001785303.html,"S, M, L, XL",3 Piece
ILK231001,Fabrics 2 Piece,Printed Embroidered Light Khaddar | Top Bottoms,3990,In Stock,D-GREEN,images\ILK231001,https://pk.khaadi.com/fabrics-2-piece-ilk231001-1001786386.html,"S, M, L, XL",3 Piece
JK231001,Fabrics 2 Piece,Printed Khaddar | Top Bottoms,2490,In Stock,WHITE,images\JK231001,https://pk.khaadi.com/fabrics-2-piece-jk231001-1001786381.html,"S, M, L, XL",3 Piece
MLK231001,Fabrics 2 Piece,Printed Embroidered Light Khaddar | Top Dupatta,3390,In Stock,GREEN,images\MLK231001,https://pk.khaadi.com/fabrics-2-piece-mlk231001-1001786400.html,"S, M, L, XL",2 Piece
AK231006,Fabrics 3 Piece Suit,Printed Khaddar | Top Bottoms Dupatta,3490,In Stock,ORANGE,images\AK231006,https://pk.khaadi.com/fabrics-3-piece-suit-ak231006-1001785319.html,"S, M, L, XL",3 Piece
BLK231001,Fabrics 3 Piece Suit,Printed Embroidered Light Khaddar | Top Bottoms Dupatta,4290,In Stock,NAVY,images\BLK231001,https://pk.khaadi.com/fabrics-3-piece-suit-blk231001-1001786413.html,"S, M, L, XL",2 Piece
JK231002,Fabrics 2 Piece,Printed Khaddar | Top Bottoms,2490,In Stock,ORANGE,images\JK231002,https://pk.khaadi.com/fabrics-2-piece-jk231002-1001786382.html,"S, M, L, XL",3 Piece
BCH231002,Fabrics 3 Piece Suit,Dyed Embroidered Crosshatch | Top Bottoms Dupatta,5490,In Stock,BEIGE,images\BCH231002,https://pk.khaadi.com/fabrics-3-piece-suit-bch231002-1001785367.html,"S, M, L, XL",3 Piece
ALK231017,Fabrics 3 Piece Suit,Printed Light Khaddar | Top Bottoms Dupatta,3490,In Stock,NAVY,images\ALK231017,https://pk.khaadi.com/fabrics-3-piece-suit-alk231017-1001785347.html,"S, M, L, XL",3 Piece
BCH231003,Fabrics 3 Piece Suit,Dyed Embroidered Crosshatch | Top Bottoms Dupatta,5490,In Stock,D-PINK,images\BCH231003,https://pk.khaadi.com/fabrics-3-piece-suit-bch231003-1001785370.html,"S, M, L, XL",2 Piece
BK231002,Fabrics 3 Piece Suit,Printed Embroidered Khaddar | Top Bottoms Shawl,5490,In Stock,BLACK,images\BK231002,https://pk.khaadi.com/fabrics-3-piece-suit-bk231002-1001786423.html,"S, M, L, XL",2 Piece
BK231004,Fabrics 3 Piece Suit,Printed Embroidered Khaddar | Top Bottoms Dupatta,4990,In Stock,OLIVE,images\BK231004,https://pk.khaadi.com/fabrics-3-piece-suit-bk231004-1001785376.html,"S, M, L, XL",1 Piece
BLK231007,Fabrics 3 Piece Suit,Printed Embroidered Light Khaddar | Top Bottoms Dupatta,4290,In Stock,GREEN,images\BLK231007,https://pk.khaadi.com/fabrics-3-piece-suit-blk231007-1001785383.html,"S, M, L, XL",1 Piece
BLK231008,Fabrics 3 Piece Suit,Printed Embroidered Light Khaddar | Top Bottoms Dupatta,4290,In Stock,BLUE,images\BLK231008,https://pk.khaadi.com/fabrics-3-piece-suit-blk231008-1001786412.html,"S, M, L, XL",1 Piece
BLK231005,Fabrics 3 Piece Suit,Printed Embroidered Light Khaddar | Top Bottoms Dupatta,4290,In Stock,MUSTARD,images\BLK231005,https://pk.khaadi.com/fabrics-3-piece-suit-blk231005-1001785379.html,"S, M, L, XL",1 Piece
BK231001,Fabrics 3 Piece Suit,Printed Embroidered Khaddar | Top Bottoms Shawl,5490,In Stock,GREEN,images\BK231001,https://pk.khaadi.com/fabrics-3-piece-suit-bk231001-1001786426.html,"S, M, L, XL",1 Piece
EET24146,Classic Kurta,Printed | Cambric,2490,In Stock,MULTI,images\EET24146,https://pk.khaadi.com/classic-kurta-eet24146-1001790393.html,"S, M, L, XL",1 Piece
EST23427,Batwing Tunic,Printed Embroidered | Dull Raw Silk,6490,In Stock,MULTI,images\EST23427,https://pk.khaadi.com/batwing-tunic-est23427-1001790055.html,"S, M, L, XL",1 Piece
EET23534,Drop Shoulder,Printed | Khaddar,3490,In Stock,NAVY,images\EET23534,https://pk.khaadi.com/drop-shoulder-eet23534-1001793444.html,"S, M, L, XL",1 Piece
EST23430,Classic Kameez,Printed Embroidered | Dull Raw Silk,4990,In Stock,OFF-WHITE,images\EST23430,https://pk.khaadi.com/classic-kameez-est23430-1001787629.html,"S, M, L, XL",1 Piece
EST23424,Classic Kameez,Yarn Dyed | Cotton Polyester Broshia Jacquard,4990,In Stock,GREEN,images\EST23424,https://pk.khaadi.com/classic-kameez-est23424-1001790063.html,"S, M, L, XL",1 Piece
EET23532,Choga,Dyed Embroidered | Crosshatch,3690,In Stock,BLACK,images\EET23532,https://pk.khaadi.com/choga-eet23532-1001793440.html,"S, M, L, XL",1 Piece
EST23420,Classic Kurta,Dyed Embroidered | Dull Raw Silk,4990,In Stock,PURPLE,images\EST23420,https://pk.khaadi.com/classic-kurta-est23420-1001786906.html,"S, M, L, XL",1 Piece
EST23419,Classic Kurta,Dyed Embroidered | Dull Raw Silk,6990,In Stock,OFF-WHITE,images\EST23419,https://pk.khaadi.com/classic-kurta-est23419-1001786960.html,"S, M, L, XL",3 Piece
EST23423,Classic Kameez,Dyed Embroidered | Dull Raw Silk,4990,In Stock,PINK,images\EST23423,https://pk.khaadi.com/classic-kameez-est23423-1001786916.html,"S, M, L, XL",3 Piece
EET23528,Drop Shoulder,Dyed Embroidered | Crosshatch,3190,In Stock,GREEN,images\EET23528,https://pk.khaadi.com/drop-shoulder-eet23528-1001791753.html,"S, M, L, XL",3 Piece
EET24141,Classic Kurta,Printed | Cambric,2490,In Stock,MULTI,images\EET24141,https://pk.khaadi.com/classic-kurta-eet24141-1001790540.html,"S, M, L, XL",3 Piece
EST23429,Choga,Printed Embroidered | Dull Raw Silk,5990,In Stock,TURQUOISE,images\EST23429,https://pk.khaadi.com/choga-est23429-1001790050.html,"S, M, L, XL",3 Piece
LLA230902,Fabrics 2 Piece,Printed Lawn | Top Dupatta,2490,In Stock,BEIGE,images\LLA230902,https://pk.khaadi.com/fabrics-2-piece-lla230902-1001781101.html,"S, M, L, XL",3 Piece
JCA231003,Fabrics 2 Piece,Printed Cambric | Top Bottoms,2490,In Stock,GREEN,images\JCA231003,https://pk.khaadi.com/fabrics-2-piece-jca231003-1001785259.html,"S, M, L, XL",3 Piece
JLK231002,Fabrics 2 Piece,Printed Light Khaddar | Top Bottoms,2490,In Stock,L-GREEN,images\JLK231002,https://pk.khaadi.com/fabrics-2-piece-jlk231002-1001785263.html,"S, M, L, XL",1 Piece
JCA231001,Fabrics 2 Piece,Printed Cambric | Top Bottoms,2490,In Stock,NAVY,images\JCA231001,https://pk.khaadi.com/fabrics-2-piece-jca231001-1001785255.html,"S, M, L, XL",1 Piece
JLK231001,Fabrics 2 Piece,Printed Light Khaddar | Top Bottoms,2490,In Stock,BEIGE,images\JLK231001,https://pk.khaadi.com/fabrics-2-piece-jlk231001-1001785261.html,"S, M, L, XL",1 Piece
WSCD23237,Wrap Blouse,Printed | Viscose Crepe,3990,In Stock,BLACK,images\WSCD23237,https://pk.khaadi.com/wrap-blouse-wscd23237-1001786432.html,"S, M, L, XL",1 Piece
WSCT23223,Button Down Tunic,Printed | Viscose Crepe,3490,In Stock,BROWN,images\WSCT23223,https://pk.khaadi.com/button-down-tunic-wsct23223-1001786436.html,"S, M, L, XL",1 Piece
WSCT23224,Drawstring Waist Shirt,Dyed Embroidered | Viscose Cottel,4690,In Stock,BEIGE,images\WSCT23224,https://pk.khaadi.com/drawstring-waist-shirt-wsct23224-1001789557.html,"S, M, L, XL",1 Piece
WSCD23241,V Neck Blouse,Dyed Embroidered | Viscose Cottel,3990,In Stock,BLACK,images\WSCD23241,https://pk.khaadi.com/v-neck-blouse-wscd23241-1001788712.html,"S, M, L, XL",1 Piece
WSCD23248,Wrap Dress,Printed | Viscose Cottel,4990,In Stock,BLACK,images\WSCD23248,https://pk.khaadi.com/wrap-dress-wscd23248-1001787877.html,"S, M, L, XL",1 Piece
WSCD23239,Wrap Dress,Printed | Dull Raw Silk,4990,In Stock,BLUE,images\WSCD23239,https://pk.khaadi.com/wrap-dress-wscd23239-1001787881.html,"S, M, L, XL",1 Piece
WSCD23238,Belted Shirt Dress,Printed | Viscose Crepe,4990,In Stock,BLUE,images\WSCD23238,https://pk.khaadi.com/belted-shirt-dress-wscd23238-1001787873.html,"S, M, L, XL",1 Piece
WSCB23219,Bootcut Trousers,Printed | Viscose Crepe,2590,In Stock,BROWN,images\WSCB23219,https://pk.khaadi.com/bootcut-trousers-wscb23219-1001787865.html,"S, M, L, XL",1 Piece
WSCD23240B,Wide Leg Trousers,Dyed Embroidered | Viscose Crepe,3190,In Stock,BLUE,images\WSCD23240B,https://pk.khaadi.com/wide-leg-trousers-wscd23240b-1001788700.html,"S, M, L, XL",1 Piece
WSCB23221,Straight Trousers,Dyed | Stretch Twill,3490,In Stock,BEIGE,images\WSCB23221,https://pk.khaadi.com/straight-trousers-wscb23221-1001788704.html,"S, M, L, XL",1 Piece
WSCB23222,Straight Trousers,Dyed | Stretch Twill,3490,In Stock,BLACK,images\WSCB23222,https://pk.khaadi.com/straight-trousers-wscb23222-1001788692.html,"S, M, L, XL",1 Piece
WCKT23234,Round Neck T-shirt,Dyed Embroidered | Cotton Jersey,1790,In Stock,WHITE,images\WCKT23234,https://pk.khaadi.com/round-neck-t-shirt-wckt23234-1001775864.html,"S, M, L, XL",1 Piece
AK231001,Fabrics 3 Piece Suit,Printed Khaddar | Top Bottoms Dupatta,3490,In Stock,RED,images\AK231001,https://pk.khaadi.com/fabrics-3-piece-suit-ak231001-1001785309.html,"S, M, L, XL",1 Piece
ALK231018,Fabrics 3 Piece Suit,Printed Light Khaddar | Top Bottoms Dupatta,3490,In Stock,BLACK,images\ALK231018,https://pk.khaadi.com/fabrics-3-piece-suit-alk231018-1001785349.html,"S, M, L, XL",1 Piece
AK231002,Fabrics 3 Piece Suit,Printed Khaddar | Top Bottoms Dupatta,3490,In Stock,BEIGE,images\AK231002,https://pk.khaadi.com/fabrics-3-piece-suit-ak231002-1001785311.html,"S, M, L, XL",1 Piece
ALK231012,Fabrics 3 Piece Suit,Printed Light Khaddar | Top Bottoms Dupatta,3490,In Stock,PURPLE,images\ALK231012,https://pk.khaadi.com/fabrics-3-piece-suit-alk231012-1001785338.html,"S, M, L, XL",1 Piece
IK231002,Fabrics 2 Piece,Printed Embroidered Khaddar | Top Bottoms,3290,In Stock,MAROON,images\IK231002,https://pk.khaadi.com/fabrics-2-piece-ik231002-1001786388.html,"S, M, L, XL",1 Piece
ACA231005,Fabrics 3 Piece Suit,Printed Cambric | Top Bottoms Dupatta,3490,In Stock,OFF-WHITE,images\ACA231005,https://pk.khaadi.com/fabrics-3-piece-suit-aca231005-1001785297.html,"S, M, L, XL",3 Piece
ACA231001,Fabrics 3 Piece Suit,Printed Cambric | Top Bottoms Dupatta,3990,In Stock,BLUE,images\ACA231001,https://pk.khaadi.com/fabrics-3-piece-suit-aca231001-1001785289.html,"S, M, L, XL",3 Piece
ACA231002,Fabrics 3 Piece Suit,Printed Cambric | Top Bottoms Dupatta,3990,In Stock,PINK,images\ACA231002,https://pk.khaadi.com/fabrics-3-piece-suit-aca231002-1001785292.html,"S, M, L, XL",3 Piece
ACA231006,Fabrics 3 Piece Suit,Printed Cambric | Top Bottoms Dupatta,3490,In Stock,NAVY,images\ACA231006,https://pk.khaadi.com/fabrics-3-piece-suit-aca231006-1001785300.html,"S, M, L, XL",3 Piece
ACA231003,Fabrics 3 Piece Suit,Printed Cambric | Top Bottoms Dupatta,3990,In Stock,BLACK,images\ACA231003,https://pk.khaadi.com/fabrics-3-piece-suit-aca231003-1001785293.html,"S, M, L, XL",3 Piece
JCA231002,Fabrics 2 Piece,Printed Cambric | Top Bottoms,2490,In Stock,PURPLE,images\JCA231002,https://pk.khaadi.com/fabrics-2-piece-jca231002-1001785258.html,"S, M, L, XL",3 Piece
LCA231001,Fabrics 2 Piece,Printed Cambric | Top Dupatta,2590,In Stock,L-PINK,images\LCA231001,https://pk.khaadi.com/fabrics-2-piece-lca231001-1001785269.html,"S, M, L, XL",3 Piece
BPO230603,Fabrics 3 Piece Suit,Dyed Embroidered Polyester Organza | Top Bottoms Dupatta,8990,In Stock,BLUE,images\BPO230603,https://pk.khaadi.com/fabrics-3-piece-suit-bpo230603-1001767472.html,"S, M, L, XL",3 Piece
BDS230603,Fabrics 3 Piece Suit,Dyed Embroidered Dull Raw Silk | Top Bottoms Dupatta,7390,In Stock,BLUE,images\BDS230603,https://pk.khaadi.com/fabrics-3-piece-suit-bds230603-1001767471.html,"S, M, L, XL",3 Piece
BPO230601,Fabrics 3 Piece Suit,Dyed Embroidered Polyester Organza | Top Bottoms Dupatta,9790,In Stock,RED,images\BPO230601,https://pk.khaadi.com/fabrics-3-piece-suit-bpo230601-1001767433.html,"S, M, L, XL",3 Piece
BPO230604,Fabrics 3 Piece Suit,Dyed Embroidered Polyester Organza | Top Bottoms Dupatta,8990,In Stock,PURPLE,images\BPO230604,https://pk.khaadi.com/fabrics-3-piece-suit-bpo230604-1001767565.html,"S, M, L, XL",3 Piece
BDS230604,Fabrics 3 Piece Suit,Dyed Embroidered Dull Raw Silk | Top Bottoms Dupatta,7790,In Stock,RED,images\BDS230604,https://pk.khaadi.com/fabrics-3-piece-suit-bds230604-1001767432.html,"S, M, L, XL",1 Piece
BDS230602,Fabrics 3 Piece Suit,Dyed Embroidered Dull Raw Silk | Top Bottoms Dupatta,8190,In Stock,BEIGE,images\BDS230602,https://pk.khaadi.com/fabrics-3-piece-suit-bds230602-1001767534.html,"S, M, L, XL",1 Piece
BDS230601,Fabrics 3 Piece Suit,Dyed Embroidered Dull Raw Silk | Top Bottoms Dupatta,7190,In Stock,WHITE,images\BDS230601,https://pk.khaadi.com/fabrics-3-piece-suit-bds230601-1001767541.html,"S, M, L, XL",1 Piece
MLA230703,Fabrics 2 Piece,Printed Embroidered Lawn | Top Dupatta,4390,In Stock,BLACK,images\MLA230703,https://pk.khaadi.com/fabrics-2-piece-mla230703-1001772250.html,"S, M, L, XL",1 Piece
ILA230704,Fabrics 2 Piece,Printed Embroidered Lawn | Top Bottoms,3990,In Stock,BROWN,images\ILA230704,https://pk.khaadi.com/fabrics-2-piece-ila230704-1001772229.html,"S, M, L, XL",1 Piece
ILA230701,Fabrics 2 Piece,Printed Embroidered Lawn | Top Bottoms,3590,In Stock,BLACK,images\ILA230701,https://pk.khaadi.com/fabrics-2-piece-ila230701-1001772223.html,"S, M, L, XL",1 Piece
LLA230703,Fabrics 2 Piece,Printed Lawn | Top Dupatta,2590,In Stock,ORANGE,images\LLA230703,https://pk.khaadi.com/fabrics-2-piece-lla230703-1001772259.html,"S, M, L, XL",1 Piece
LRI230601,Fabrics 2 Piece,Printed Lawn | Top Dupatta,3590,In Stock,RED,images\LRI230601,https://pk.khaadi.com/fabrics-2-piece-lri230601-1001767420.html,"S, M, L, XL",1 Piece
MLA230704,Fabrics 2 Piece,Printed Embroidered Lawn | Top Dupatta,4390,In Stock,BLUE,images\MLA230704,https://pk.khaadi.com/fabrics-2-piece-mla230704-1001772252.html,"S, M, L, XL",1 Piece
LLA230711,Fabrics 2 Piece,Printed Lawn | Top Dupatta,2390,In Stock,MUSTARD,images\LLA230711,https://pk.khaadi.com/fabrics-2-piece-lla230711-1001772274.html,"S, M, L, XL",1 Piece
LRI230602,Fabrics 2 Piece,Printed Lawn | Top Dupatta,3590,In Stock,MUSTARD,images\LRI230602,https://pk.khaadi.com/fabrics-2-piece-lri230602-1001767569.html,"S, M, L, XL",3 Piece
ILA230703,Fabrics 2 Piece,Printed Embroidered Lawn | Top Bottoms,4190,In Stock,WHITE,images\ILA230703,https://pk.khaadi.com/fabrics-2-piece-ila230703-1001772226.html,"S, M, L, XL",3 Piece
ILA230702,Fabrics 2 Piece,Printed Embroidered Lawn | Top Bottoms,3590,In Stock,PURPLE,images\ILA230702,https://pk.khaadi.com/fabrics-2-piece-ila230702-1001772225.html,"S, M, L, XL",3 Piece
LLA230810,Fabrics 2 Piece,Printed Lawn | Top Dupatta,2390,In Stock,RED,images\LLA230810,https://pk.khaadi.com/fabrics-2-piece-lla230810-1001777537.html,"S, M, L, XL",3 Piece
LLA230809,Fabrics 2 Piece,Printed Lawn | Top Dupatta,2390,In Stock,MUSTARD,images\LLA230809,https://pk.khaadi.com/fabrics-2-piece-lla230809-1001777536.html,"S, M, L, XL",3 Piece
ALA230817,Fabrics 3 Piece Suit,Printed Lawn | Top Bottoms Dupatta,3990,In Stock,BEIGE,images\ALA230817,https://pk.khaadi.com/fabrics-3-piece-suit-ala230817-1001777573.html,"S, M, L, XL",3 Piece
BLA230809,Fabrics 3 Piece Suit,Printed Embroidered Lawn | Top Bottoms Dupatta,3690,In Stock,BEIGE,images\BLA230809,https://pk.khaadi.com/fabrics-3-piece-suit-bla230809-1001777611.html,"S, M, L, XL",3 Piece
ALA230818,Fabrics 3 Piece Suit,Printed Lawn | Top Bottoms Dupatta,3990,In Stock,MUSTARD,images\ALA230818,https://pk.khaadi.com/fabrics-3-piece-suit-ala230818-1001777576.html,"S, M, L, XL",3 Piece
BLA230806,Fabrics 3 Piece Suit,Printed Embroidered Lawn | Top Bottoms Dupatta,4390,In Stock,PINK,images\BLA230806,https://pk.khaadi.com/fabrics-3-piece-suit-bla230806-1001777606.html,"S, M, L, XL",3 Piece
LLA230807,Fabrics 2 Piece,Printed Lawn | Top Dupatta,2490,In Stock,PURPLE,images\LLA230807,https://pk.khaadi.com/fabrics-2-piece-lla230807-1001777532.html,"S, M, L, XL",3 Piece
ALA230820,Fabrics 3 Piece Suit,Printed Lawn | Top Bottoms Dupatta,3990,In Stock,BLACK,images\ALA230820,https://pk.khaadi.com/fabrics-3-piece-suit-ala230820-1001777579.html,"S, M, L, XL",3 Piece
ALA230806,Fabrics 3 Piece Suit,Printed Lawn | Top Bottoms Dupatta,3990,In Stock,RED,images\ALA230806,https://pk.khaadi.com/fabrics-3-piece-suit-ala230806-1001777551.html,"S, M, L, XL",3 Piece
JLA230801,Fabrics 2 Piece,Printed Lawn | Top Bottoms,2390,In Stock,BEIGE,images\JLA230801,https://pk.khaadi.com/fabrics-2-piece-jla230801-1001777503.html,"S, M, L, XL",3 Piece
ALA230803,Fabrics 3 Piece Suit,Printed Lawn | Top Bottoms Dupatta,3990,In Stock,OFF-WHITE,images\ALA230803,https://pk.khaadi.com/fabrics-3-piece-suit-ala230803-1001777545.html,"S, M, L, XL",3 Piece
AMA231003,Fabrics 3 Piece Suit,Printed Marina Twill | Top Bottoms Dupatta,4990,In Stock,TEAL,images\AMA231003,https://pk.khaadi.com/fabrics-3-piece-suit-ama231003-1001786419.html,"S, M, L, XL",3 Piece
AJ230601,Fabrics 3 Piece Suit,Yarn Dyed Cotton Brosha Jacquard | Top Bottoms Dupatta,6790,In Stock,BLUE,images\AJ230601,https://pk.khaadi.com/fabrics-3-piece-suit-aj230601-1001767469.html,"S, M, L, XL",3 Piece
AJ230604,Fabrics 3 Piece Suit,Yarn Dyed Cotton Brosha Jacquard | Top Bottoms Dupatta,6790,In Stock,RED,images\AJ230604,https://pk.khaadi.com/fabrics-3-piece-suit-aj230604-1001767430.html,"S, M, L, XL",3 Piece
AJ230602,Fabrics 3 Piece Suit,Yarn Dyed Cotton Brosha Jacquard | Top Bottoms Dupatta,6790,In Stock,BLACK,images\AJ230602,https://pk.khaadi.com/fabrics-3-piece-suit-aj230602-1001767535.html,"S, M, L, XL",2 Piece
AJ230603,Fabrics 3 Piece Suit,Yarn Dyed Cotton Brosha Jacquard | Top Bottoms Dupatta,6790,In Stock,MUSTARD,images\AJ230603,https://pk.khaadi.com/fabrics-3-piece-suit-aj230603-1001767575.html,"S, M, L, XL",3 Piece
KKF230601,Fabrics 3 Piece Suit | Khaas,Dyed Embroidered Viscose Silk | Top Bottoms Dupatta,18990,In Stock,BLACK,images\KKF230601,https://pk.khaadi.com/fabrics-3-piece-suit-%7C-khaas-kkf230601-1001772948.html,"S, M, L, XL",3 Piece
AMA231006,Fabrics 3 Piece Suit,Printed Marina Twill | Top Bottoms Dupatta,4990,In Stock,PURPLE,images\AMA231006,https://pk.khaadi.com/fabrics-3-piece-suit-ama231006-1001786422.html,"S, M, L, XL",3 Piece
ALK231015,Fabrics 3 Piece Suit,Printed Light Khaddar | Top Bottoms Dupatta,3490,In Stock,BLACK,images\ALK231015,https://pk.khaadi.com/fabrics-3-piece-suit-alk231015-1001785343.html,"S, M, L, XL",3 Piece
BCH231004,Fabrics 3 Piece Suit,Dyed Embroidered Crosshatch | Top Bottoms Dupatta,5490,In Stock,BLUE,images\BCH231004,https://pk.khaadi.com/fabrics-3-piece-suit-bch231004-1001785371.html,"S, M, L, XL",3 Piece
BK231003,Fabrics 3 Piece Suit,Printed Embroidered Khaddar | Top Bottoms Shawl,5490,In Stock,PINK,images\BK231003,https://pk.khaadi.com/fabrics-3-piece-suit-bk231003-1001786428.html,"S, M, L, XL",3 Piece
LLK231003,Fabrics 2 Piece,Printed Light Khaddar | Top Dupatta,2890,In Stock,D-PINK,images\LLK231003,https://pk.khaadi.com/fabrics-2-piece-llk231003-1001785276.html,"S, M, L, XL",3 Piece
LK231001,Fabrics 2 Piece,Printed Khaddar | Top Dupatta,2590,In Stock,BLACK,images\LK231001,https://pk.khaadi.com/fabrics-2-piece-lk231001-1001786395.html,"S, M, L, XL",3 Piece
LLK231002,Fabrics 2 Piece,Printed Light Khaddar | Top Dupatta,2890,In Stock,OFF-WHITE,images\LLK231002,https://pk.khaadi.com/fabrics-2-piece-llk231002-1001785274.html,"S, M, L, XL",2 Piece
ICH231002,Fabrics 2 Piece,Dyed Embroidered Crosshatch | Top Bottoms,3990,In Stock,MUSTARD,images\ICH231002,https://pk.khaadi.com/fabrics-2-piece-ich231002-1001785243.html,"S, M, L, XL",3 Piece
MCH231002,Fabrics 2 Piece,Dyed Embroidered Crosshatch | Top Dupatta,3990,In Stock,CORAL,images\MCH231002,https://pk.khaadi.com/fabrics-2-piece-mch231002-1001785287.html,"S, M, L, XL",3 Piece
MLK231002,Fabrics 2 Piece Suit,Printed Embroidered Light Khaddar | Top Dupatta,3390,In Stock,OFF-WHITE,images\MLK231002,https://pk.khaadi.com/fabrics-2-piece-suit-mlk231002-1001786402.html,"S, M, L, XL",2 Piece
IK231001,Fabrics 2 Piece,Printed Embroidered Khaddar | Top Bottoms,3290,In Stock,RUST,images\IK231001,https://pk.khaadi.com/fabrics-2-piece-ik231001-1001786389.html,"S, M, L, XL",3 Piece
MCA231002,Fabrics 2 Piece,Printed Embroidered Cambric | Top Dupatta,3390,In Stock,YELLOW,images\MCA231002,https://pk.khaadi.com/fabrics-2-piece-mca231002-1001785282.html,"S, M, L, XL",3 Piece
MCA231001,Fabrics 2 Piece,Printed Embroidered Cambric | Top Dupatta,3390,In Stock,TEAL,images\MCA231001,https://pk.khaadi.com/fabrics-2-piece-mca231001-1001785280.html,"S, M, L, XL",3 Piece
MCH231001,Fabrics 2 Piece,Dyed Embroidered Crosshatch | Top Dupatta,3990,In Stock,OLIVE,images\MCH231001,https://pk.khaadi.com/fabrics-2-piece-mch231001-1001785285.html,"S, M, L, XL",3 Piece
MCA231003,Fabrics 2 Piece,Printed Embroidered Cambric | Top Dupatta,3390,In Stock,BLACK,images\MCA231003,https://pk.khaadi.com/fabrics-2-piece-mca231003-1001785283.html,"S, M, L, XL",3 Piece
ICH231001,Fabrics 2 Piece,Dyed Embroidered Crosshatch | Top Bottoms,3990,In Stock,NAVY,images\ICH231001,https://pk.khaadi.com/fabrics-2-piece-ich231001-1001785242.html,"S, M, L, XL",3 Piece
ICH231003,Fabrics 2 Piece,Dyed Embroidered Crosshatch | Top Bottoms,3990,In Stock,BLACK,images\ICH231003,https://pk.khaadi.com/fabrics-2-piece-ich231003-1001785245.html,"S, M, L, XL",3 Piece
ISCH231003,Fabrics 2 Piece,Printed Embroidered Slub Crosshatch | Top Bottoms,3990,In Stock,L-YELLOW,images\ISCH231003,https://pk.khaadi.com/fabrics-2-piece-isch231003-1001785253.html,"S, M, L, XL",3 Piece
ISCH231004,Fabrics 2 Piece,Printed Embroidered Slub Crosshatch | Top Bottoms,3990,In Stock,L-GREEN,images\ISCH231004,https://pk.khaadi.com/fabrics-2-piece-isch231004-1001785254.html,"S, M, L, XL",3 Piece
LLK231001,Fabrics 2 Piece,Printed Light Khaddar | Top Dupatta,2590,In Stock,GREEN,images\LLK231001,https://pk.khaadi.com/fabrics-2-piece-llk231001-1001786394.html,"S, M, L, XL",3 Piece
LK231002,Fabrics 2 Piece,Printed Khaddar | Top Dupatta,2590,In Stock,RED,images\LK231002,https://pk.khaadi.com/fabrics-2-piece-lk231002-1001786396.html,"S, M, L, XL",3 Piece
LLA230913,Fabrics 2 Piece,Printed Lawn | Top Dupatta,2990,In Stock,BLACK,images\LLA230913,https://pk.khaadi.com/fabrics-2-piece-lla230913-1001781121.html,"S, M, L, XL",3 Piece
JLK231003,Fabrics 2 Piece,Printed Light Khaddar | Top Bottoms,2790,In Stock,BLACK,images\JLK231003,https://pk.khaadi.com/fabrics-2-piece-jlk231003-1001785265.html,"S, M, L, XL",3 Piece
JLK231004,Fabrics 2 Piece,Printed Light Khaddar | Top Bottoms,2790,In Stock,RED,images\JLK231004,https://pk.khaadi.com/fabrics-2-piece-jlk231004-1001785268.html,"S, M, L, XL",3 Piece
EET24144,Classic Kameez,Printed | Cambric,2490,In Stock,MULTI,images\EET24144,https://pk.khaadi.com/classic-kameez-eet24144-1001790555.html,"S, M, L, XL",3 Piece
EET24145,Classic Kameez,Printed | Cambric,2490,In Stock,MULTI,images\EET24145,https://pk.khaadi.com/classic-kameez-eet24145-1001790560.html,"S, M, L, XL",3 Piece
EET24150,Classic Kameez,Printed | Cambric,2490,In Stock,MULTI,images\EET24150,https://pk.khaadi.com/classic-kameez-eet24150-1001790580.html,"S, M, L, XL",3 Piece
EET24147,Classic Kameez,Printed | Cambric,2490,In Stock,MULTI,images\EET24147,https://pk.khaadi.com/classic-kameez-eet24147-1001790565.html,"S, M, L, XL",3 Piece
EET23530,Classic Kurta,Dyed Embroidered | Crosshatch,3490,In Stock,RUST,images\EET23530,https://pk.khaadi.com/classic-kurta-eet23530-1001791361.html,"S, M, L, XL",2 Piece
EET23516,Choga,Printed | Khaddar,2990,In Stock,BLACK,images\EET23516,https://pk.khaadi.com/choga-eet23516-1001789947.html,"S, M, L, XL",2 Piece
EET24142,Classic Kameez,Printed | Cambric,2490,In Stock,MULTI,images\EET24142,https://pk.khaadi.com/classic-kameez-eet24142-1001790545.html,"S, M, L, XL",2 Piece
EET24149,Classic Kurta,Printed | Cambric,2490,In Stock,MULTI,images\EET24149,https://pk.khaadi.com/classic-kurta-eet24149-1001790575.html,"S, M, L, XL",2 Piece
EET24143,Classic Kurta,Printed | Cambric,2490,In Stock,MULTI,images\EET24143,https://pk.khaadi.com/classic-kurta-eet24143-1001790550.html,"S, M, L, XL",2 Piece
EKT231023,Side Open Long Kameez,Yarn Dyed Embroidered | Raw Silk,20990,In Stock,MAROON,images\EKT231023,https://pk.khaadi.com/side-open-long-kameez-ekt231023-1001788500.html,"S, M, L, XL",2 Piece
EKT231025,Classic Kameez,Yarn Dyed Embroidered | Cotton Net,27990,In Stock,OFF-WHITE,images\EKT231025,https://pk.khaadi.com/classic-kameez-ekt231025-1001788520.html,"S, M, L, XL",2 Piece
EKT231023B,Flared Pants,Yarn Dyed Embroidered | Raw Silk,6990,In Stock,RED,images\EKT231023B,https://pk.khaadi.com/flared-pants-ekt231023b-1001788465.html,"S, M, L, XL",2 Piece
EKS231012,Dupatta,Yarn Dyed Embroidered | Cotton Net,7990,In Stock,RED,images\EKS231012,https://pk.khaadi.com/dupatta-eks231012-1001788490.html,"S, M, L, XL",2 Piece
EKB231011,Narrow Culottes,Yarn Dyed Embroidered | Raw Silk,7990,In Stock,OFF-WHITE,images\EKB231011,https://pk.khaadi.com/narrow-culottes-ekb231011-1001788481.html,"S, M, L, XL",2 Piece
EKT231022,Front Open Kameez,Yarn Dyed Embroidered | Raw Silk,29990,In Stock,BLUE,images\EKT231022,https://pk.khaadi.com/front-open-kameez-ekt231022-1001788528.html,"S, M, L, XL",2 Piece
EKT231028,Front Open Kameez,Yarn Dyed Embroidered | Cotton Net,27990,In Stock,GREEN,images\EKT231028,https://pk.khaadi.com/front-open-kameez-ekt231028-1001788524.html,"S, M, L, XL",2 Piece
EKT231024,Classic Kameez,Yarn Dyed Embroidered | Cotton Net,24990,In Stock,PINK,images\EKT231024,https://pk.khaadi.com/classic-kameez-ekt231024-1001788512.html,"S, M, L, XL",2 Piece
EKT231021,Classic Kameez,Yarn Dyed Embroidered | Cotton Net,24990,In Stock,YELLOW,images\EKT231021,https://pk.khaadi.com/classic-kameez-ekt231021-1001788508.html,"S, M, L, XL",2 Piece
EKS231011,Dupatta,Yarn Dyed Embroidered | Cotton Net,12990,In Stock,OFF-White,images\EKS231011,https://pk.khaadi.com/dupatta-eks231011-1001788495.html,"S, M, L, XL",2 Piece
EKT231021S,Dupatta,Yarn Dyed Embroidered | Cotton Net,12990,In Stock,YELLOW,images\EKT231021S,https://pk.khaadi.com/dupatta-ekt231021s-1001788494.html,"S, M, L, XL",2 Piece
EKS231011S,Dupatta,Yarn Dyed Embroidered | Cotton Net,9990,In Stock,OFF-White,images\EKS231011S,https://pk.khaadi.com/dupatta-eks231011s-1001788492.html,"S, M, L, XL",2 Piece
EKT22322,Flared Kurta,Dyed Embroidered | Viscose Oak Silk,34990,In Stock,BLACK,images\EKT22322,https://pk.khaadi.com/flared-kurta-ekt22322-1001789283.html,"S, M, L, XL",2 Piece
EKB22310,Flared Pants,Dyed Embroidered | Viscose Oak Silk,8990,In Stock,BLACK,images\EKB22310,https://pk.khaadi.com/flared-pants-ekb22310-1001789260.html,"S, M, L, XL",2 Piece
EKT22324,Classic Kameez,Dyed Embroidered | Viscose Oak Silk,24990,In Stock,GREEN,images\EKT22324,https://pk.khaadi.com/classic-kameez-ekt22324-1001786758.html,"S, M, L, XL",2 Piece
EKB22312,Straight Pants,Dyed Embroidered | Viscose Oak Silk,5990,In Stock,PINK,images\EKB22312,https://pk.khaadi.com/straight-pants-ekb22312-1001789256.html,"S, M, L, XL",2 Piece
EKB22309,Narrow Culottes,Dyed Embroidered | Viscose Oak Silk,5990,In Stock,GREEN,images\EKB22309,https://pk.khaadi.com/narrow-culottes-ekb22309-1001786750.html,"S, M, L, XL",2 Piece
EKT22323,Classic Kameez,Dyed Embroidered | Viscose Oak Silk,29990,In Stock,PINK,images\EKT22323,https://pk.khaadi.com/classic-kameez-ekt22323-1001789274.html,"S, M, L, XL",2 Piece
EKT22319,Classic Kurta,Printed Embroidered | Viscose Oak Silk,19990,In Stock,GREEN,images\EKT22319,https://pk.khaadi.com/classic-kurta-ekt22319-1001789266.html,"S, M, L, XL",2 Piece
EKT22318,Classic Kurta,Printed Embroidered | Viscose Oak Silk,24990,In Stock,BLACK,images\EKT22318,https://pk.khaadi.com/classic-kurta-ekt22318-1001789270.html,"S, M, L, XL",2 Piece
EKT22317,Flared Kameez,Printed Embroidered | Viscose Oak Silk,39990,In Stock,MULTI,images\EKT22317,https://pk.khaadi.com/flared-kameez-ekt22317-1001789286.html,"S, M, L, XL",2 Piece
EKT22320,Classic Kameez,Dyed Embroidered | Viscose Oak Silk,29990,In Stock,MUSTARD,images\EKT22320,https://pk.khaadi.com/classic-kameez-ekt22320-1001786762.html,"S, M, L, XL",2 Piece
EKT22320B,Narrow Culottes,Dyed Embroidered | Viscose Oak Silk,5990,In Stock,MUSTARD,images\EKT22320B,https://pk.khaadi.com/narrow-culottes-ekt22320b-1001786756.html,"S, M, L, XL",2 Piece
EET235136,Kali Kurta,Printed Embroidered | Dobby,4190,In Stock,PINK,images\EET235136,https://pk.khaadi.com/kali-kurta-eet235136-1001789981.html,"S, M, L, XL",2 Piece
EET235135,Kali Kurta,Dyed Embroidered | Dobby,3990,In Stock,NAVY,images\EET235135,https://pk.khaadi.com/kali-kurta-eet235135-1001788567.html,"S, M, L, XL",2 Piece
EEB23590,Straight Pants,Dyed | Dobby,1990,In Stock,NAVY,images\EEB23590,https://pk.khaadi.com/straight-pants-eeb23590-1001788549.html,"S, M, L, XL",2 Piece
EET235134,Flared Kameez,Printed Embroidered | Dobby,3990,In Stock,PURPLE,images\EET235134,https://pk.khaadi.com/flared-kameez-eet235134-1001791385.html,"S, M, L, XL",2 Piece
EET235129,Kali Kurta,Printed Embroidered | Dobby,3990,In Stock,YELLOW,images\EET235129,https://pk.khaadi.com/kali-kurta-eet235129-1001789976.html,"S, M, L, XL",1 Piece
EEB23591,Narrow Culottes,Printed | Dobby,1990,In Stock,PINK,images\EEB23591,https://pk.khaadi.com/narrow-culottes-eeb23591-1001789912.html,"S, M, L, XL",1 Piece
EEB23586,Narrow Culottes,Printed | Dobby,1990,In Stock,YELLOW,images\EEB23586,https://pk.khaadi.com/narrow-culottes-eeb23586-1001789907.html,"S, M, L, XL",1 Piece
EET235139,Flared Kameez,Dyed Embroidered | Dobby,4190,In Stock,OFF-WHITE,images\EET235139,https://pk.khaadi.com/flared-kameez-eet235139-1001788572.html,"S, M, L, XL",1 Piece
EEB23592,Tapered Shalwar,Dyed | Dobby,1990,In Stock,OFF-WHITE,images\EEB23592,https://pk.khaadi.com/tapered-shalwar-eeb23592-1001788558.html,"S, M, L, XL",1 Piece
EET235130,A Line Kameez,Printed | Dobby,3490,In Stock,OFF-WHITE,images\EET235130,https://pk.khaadi.com/a-line-kameez-eet235130-1001791358.html,"S, M, L, XL",1 Piece
EET235132,Contemporary Kameez,Printed | Dobby,3490,In Stock,PINK,images\EET235132,https://pk.khaadi.com/contemporary-kameez-eet235132-1001789986.html,"S, M, L, XL",1 Piece
EET235133,Contemporary Kameez,Dyed Embroidered | Dobby,4190,In Stock,PINK,images\EET235133,https://pk.khaadi.com/contemporary-kameez-eet235133-1001789251.html,"S, M, L, XL",1 Piece
EST23210,Classic Kameez,Dyed Embroidered | Organza,7490,In Stock,BLACK,images\EST23210,https://pk.khaadi.com/classic-kameez-est23210-1001772579.html,"S, M, L, XL",1 Piece
EST23215T,Classic Kameez,Printed | Viscose Oak Silk,6490,In Stock,BLUE,images\EST23215T,https://pk.khaadi.com/classic-kameez-est23215t-1001778513.html,"S, M, L, XL",1 Piece
EST23212,Classic Kameez,Printed Embroidered | Viscose Oak Silk,7490,In Stock,BLUE,images\EST23212,https://pk.khaadi.com/classic-kameez-est23212-1001786940.html,"S, M, L, XL",1 Piece
EST23201,Contemporary Kameez,Dyed Embroidered | Bamber Chiffon,10990,In Stock,OFF-WHITE,images\EST23201,https://pk.khaadi.com/contemporary-kameez-est23201-1001784587.html,"S, M, L, XL",1 Piece
EST23205,Contemporary Kameez,Dyed Embroidered | Viscose Oak Silk,7990,In Stock,BLACK,images\EST23205,https://pk.khaadi.com/contemporary-kameez-est23205-1001778379.html,"S, M, L, XL",1 Piece
EST23206,Drop Shoulder,Dyed Embroidered | Viscose Oak Silk,6990,In Stock,BEIGE,images\EST23206,https://pk.khaadi.com/drop-shoulder-est23206-1001774905.html,"S, M, L, XL",1 Piece
EST23213,Classic Kameez,Printed Embroidered | Viscose Oak Silk,6990,In Stock,CORAL,images\EST23213,https://pk.khaadi.com/classic-kameez-est23213-1001788676.html,"S, M, L, XL",1 Piece
EST23211,Classic Kurta,Printed Embroidered | Viscose Oak Silk,5990,In Stock,WHITE,images\EST23211,https://pk.khaadi.com/classic-kurta-est23211-1001774903.html,"S, M, L, XL",1 Piece
EST23208,Classic Kurta,Printed | Organza,4990,In Stock,BLUE,images\EST23208,https://pk.khaadi.com/classic-kurta-est23208-1001789299.html,"S, M, L, XL",1 Piece
EST23202,Classic Kameez,Printed Embroidered | Bamber Chiffon,8990,In Stock,GREEN,images\EST23202,https://pk.khaadi.com/classic-kameez-est23202-1001789304.html,"S, M, L, XL",1 Piece
EST23215,Classic Kameez,Printed | Viscose Oak Silk,6490,In Stock,BLUE,images\EST23215,https://pk.khaadi.com/classic-kameez-est23215-1001778447.html,"S, M, L, XL",1 Piece
EST23203,Drop Shoulder,Dyed Embroidered | Bamber Chiffon,9990,In Stock,BLUE,images\EST23203,https://pk.khaadi.com/drop-shoulder-est23203-1001780872.html,"S, M, L, XL",1 Piece
EET23395,Classic Kurta,Printed Embroidered | Lawn,3690,In Stock,BLACK,images\EET23395,https://pk.khaadi.com/classic-kurta-eet23395-1001785665.html,"S, M, L, XL",1 Piece
EET23392,Flared Kameez,Printed Embroidered | Lawn,3690,In Stock,BLUE,images\EET23392,https://pk.khaadi.com/flared-kameez-eet23392-1001785660.html,"S, M, L, XL",1 Piece
EET23394,Classic Kurta,Printed | Lawn,3490,In Stock,OFF-WHITE,images\EET23394,https://pk.khaadi.com/classic-kurta-eet23394-1001785670.html,"S, M, L, XL",1 Piece
EET23392B,Tulip Shalwar,Printed | Lawn,2190,In Stock,BLUE,images\EET23392B,https://pk.khaadi.com/tulip-shalwar-eet23392b-1001785644.html,"S, M, L, XL",1 Piece
EET23391B,Tulip Shalwar,Printed | Lawn,2190,In Stock,BEIGE,images\EET23391B,https://pk.khaadi.com/tulip-shalwar-eet23391b-1001785639.html,"S, M, L, XL",1 Piece
EET23391,Drop Shoulder,Printed | Lawn,3490,In Stock,BEIGE,images\EET23391,https://pk.khaadi.com/drop-shoulder-eet23391-1001785656.html,"S, M, L, XL",1 Piece
EET23390,Contemporary Kameez,Printed Embroidered | Lawn,3690,In Stock,WHITE,images\EET23390,https://pk.khaadi.com/contemporary-kameez-eet23390-1001785651.html,"S, M, L, XL",1 Piece
EET23393,Classic Kurta,Printed | Lawn,3490,In Stock,BLUE,images\EET23393,https://pk.khaadi.com/classic-kurta-eet23393-1001786711.html,"S, M, L, XL",1 Piece
EET23395B,Narrow Culottes,Printed Embroidered | Lawn,2190,In Stock,BLACK,images\EET23395B,https://pk.khaadi.com/narrow-culottes-eet23395b-1001785629.html,"S, M, L, XL",1 Piece
EET23394B,Narrow Culottes,Printed | Lawn,1990,In Stock,OFF-WHITE,images\EET23394B,https://pk.khaadi.com/narrow-culottes-eet23394b-1001785634.html,"S, M, L, XL",1 Piece
EET23390B,Straight Pants,Printed | Lawn,1990,In Stock,WHITE,images\EET23390B,https://pk.khaadi.com/straight-pants-eet23390b-1001785624.html,"S, M, L, XL",1 Piece
EET23393B,Narrow Culottes,Printed | Lawn,1990,In Stock,BLUE,images\EET23393B,https://pk.khaadi.com/narrow-culottes-eet23393b-1001786554.html,"S, M, L, XL",1 Piece
EET23310T,Classic Kurta,Dyed Embroidered | Cotton Cottel,5990,In Stock,MUSTARD,images\EET23310T,https://pk.khaadi.com/classic-kurta-eet23310t-1001784571.html,"S, M, L, XL",1 Piece
EET23201,Raglan,Yarn Dyed | Cotton Polyester Broshia Jacquard,3990,In Stock,BLACK,images\EET23201,https://pk.khaadi.com/raglan-eet23201-1001784110.html,"S, M, L, XL",1 Piece
EET23451,Classic Kameez,Yarn Dyed Embroidered | Mesuri,3690,In Stock,TEAL,images\EET23451,https://pk.khaadi.com/classic-kameez-eet23451-1001784124.html,"S, M, L, XL",1 Piece
EET23215,Classic Kurta,Yarn Dyed | Yarn Dyed Stripes,3490,In Stock,PINK,images\EET23215,https://pk.khaadi.com/classic-kurta-eet23215-1001775929.html,"S, M, L, XL",1 Piece
EET23207TT,Classic Kameez,Printed | Cambric,2990,In Stock,BLUE,images\EET23207TT,https://pk.khaadi.com/classic-kameez-eet23207tt-1001776270.html,"S, M, L, XL",1 Piece
EET23205,Drop Shoulder,Printed | Cambric,2690,In Stock,TEAL,images\EET23205,https://pk.khaadi.com/drop-shoulder-eet23205-1001774801.html,"S, M, L, XL",1 Piece
EET23212,Classic Kurta,Dyed | Cambric,3190,In Stock,RED,images\EET23212,https://pk.khaadi.com/classic-kurta-eet23212-1001777314.html,"S, M, L, XL",1 Piece
EET23202,Classic Kurta,Yarn Dyed | Cotton Polyester Broshia Jacquard,2990,In Stock,GREEN,images\EET23202,https://pk.khaadi.com/classic-kurta-eet23202-1001775914.html,"S, M, L, XL",1 Piece
EET23206,Classic Kameez,Printed | Cambric,2490,In Stock,MULTI,images\EET23206,https://pk.khaadi.com/classic-kameez-eet23206-1001775924.html,"S, M, L, XL",1 Piece
EET23213,Classic Kurta,Yarn Dyed Embroidered | Yarn Dyed Stripes,3490,In Stock,ORANGE,images\EET23213,https://pk.khaadi.com/classic-kurta-eet23213-1001774804.html,"S, M, L, XL",1 Piece
EET23203,Classic Kurta,Yarn Dyed | Cotton Polyester Broshia Jacquard,3190,In Stock,OFF-WHITE,images\EET23203,https://pk.khaadi.com/classic-kurta-eet23203-1001779868.html,"S, M, L, XL",1 Piece
EET23215T,Classic Kameez,Yarn Dyed | Yarn Dyed Stripes,2990,In Stock,MULTI,images\EET23215T,https://pk.khaadi.com/classic-kameez-eet23215t-1001775934.html,"S, M, L, XL",1 Piece
C2T23177BP,Culotte Pants,Block Printed | Dull Raw Silk,3190,In Stock,RED,images\C2T23177BP,https://pk.khaadi.com/culotte-pants-c2t23177bp-1001771781.html,"S, M, L, XL",1 Piece
EET23531,Drop Shoulder,Printed Embroidered | Crosshatch,3690,In Stock,RUST,images\EET23531,https://pk.khaadi.com/drop-shoulder-eet23531-1001791366.html,"S, M, L, XL",1 Piece
EST23428,Classic Kameez,Printed Embroidered | Dull Raw Silk,4990,In Stock,BLUE,images\EST23428,https://pk.khaadi.com/classic-kameez-est23428-1001789313.html,"S, M, L, XL",1 Piece
EST23425,Classic Kameez,Yarn Dyed Embroidered | Cotton Polyester Broshia Jacquard,4490,In Stock,RED,images\EST23425,https://pk.khaadi.com/classic-kameez-est23425-1001792314.html,"S, M, L, XL",1 Piece
EET23533,Contemporary Kurta,Dyed Embroidered | Khaddar,3990,In Stock,BEIGE,images\EET23533,https://pk.khaadi.com/contemporary-kurta-eet23533-1001789937.html,"S, M, L, XL",1 Piece
EET23513,Drop Shoulder,Printed Embroidered | Khaddar,3190,In Stock,OFF-WHITE,images\EET23513,https://pk.khaadi.com/drop-shoulder-eet23513-1001791351.html,"S, M, L, XL",1 Piece
EET23529,Classic Kurta,Printed Embroidered | Crosshatch,3190,In Stock,RUST,images\EET23529,https://pk.khaadi.com/classic-kurta-eet23529-1001789996.html,"S, M, L, XL",1 Piece
EEB23512,Flared Kameez,Dyed | Crosshatch,4990,In Stock,BLACK,images\EEB23512,https://pk.khaadi.com/flared-kameez-eeb23512-1001793312.html,"S, M, L, XL",1 Piece
EET24148,Classic Kurta,Printed | Cambric,2490,In Stock,MULTI,images\EET24148,https://pk.khaadi.com/classic-kurta-eet24148-1001790570.html,"S, M, L, XL",1 Piece
ECT22457,Classic Kameez,Dyed | Cotton Satin Jacquard,3490,In Stock,MULTI,images\ECT22457,https://pk.khaadi.com/classic-kameez-ect22457-1001743749.html,"S, M, L, XL",1 Piece
EET23210,Contemporary Kurta,Dyed | Cambric,3690,In Stock,BLUE,images\EET23210,https://pk.khaadi.com/contemporary-kurta-eet23210-1001779880.html,"S, M, L, XL",1 Piece
EET23214,Contemporary Kameez,Yarn Dyed | Yarn Dyed Stripes,3990,In Stock,BLUE,images\EET23214,https://pk.khaadi.com/contemporary-kameez-eet23214-1001778334.html,"S, M, L, XL",1 Piece
EET23211,Raglan,Dyed | Cambric,3690,In Stock,BLUE,images\EET23211,https://pk.khaadi.com/raglan-eet23211-1001777306.html,"S, M, L, XL",1 Piece
EET23203T,Contemporary Kameez,Yarn Dyed | Cotton Polyester Broshia Jacquard,3190,In Stock,OFF-WHITE,images\EET23203T,https://pk.khaadi.com/contemporary-kameez-eet23203t-1001778527.html,"S, M, L, XL",1 Piece
EET23313,Contemporary Kameez,Dyed | Cotton Cottel,4190,In Stock,RED,images\EET23313,https://pk.khaadi.com/contemporary-kameez-eet23313-1001780813.html,"S, M, L, XL",1 Piece
EES23510,Shawl,Yarn Dyed Embroidered | Rashmina Acrylic,3190,In Stock,RUST,images\EES23510,https://pk.khaadi.com/shawl-ees23510-1001786612.html,"S, M, L, XL",1 Piece
EES24205,Dupatta,Printed | Lawn,1990,In Stock,MULTI,images\EES24205,https://pk.khaadi.com/dupatta-ees24205-1001790533.html,"S, M, L, XL",1 Piece
ESS23410,Dupatta,Yarn Dyed Embroidered | Cotton Polyester Broshia Jacquard,3990,In Stock,GREEN,images\ESS23410,https://pk.khaadi.com/dupatta-ess23410-1001791828.html,"S, M, L, XL",1 Piece
EES23515,Dupatta,Printed Embroidered | Light Khaddar,2490,In Stock,RUST,images\EES23515,https://pk.khaadi.com/dupatta-ees23515-1001793304.html,"S, M, L, XL",1 Piece
EES24120,Dupatta,Dyed | Lawn,1990,In Stock,MULTI,images\EES24120,https://pk.khaadi.com/dupatta-ees24120-1001790531.html,"S, M, L, XL",1 Piece
EES23517,Dupatta,Printed | Light Khaddar,1990,In Stock,BLACK,images\EES23517,https://pk.khaadi.com/dupatta-ees23517-1001792301.html,"S, M, L, XL",1 Piece
EES23509,Stole,Yarn Dyed Embroidered | Rashmina Acrylic,1990,In Stock,GREEN,images\EES23509,https://pk.khaadi.com/stole-ees23509-1001786622.html,"S, M, L, XL",1 Piece
EES23513,Dupatta,Printed | Light Khaddar,1990,In Stock,BEIGE,images\EES23513,https://pk.khaadi.com/dupatta-ees23513-1001792302.html,"S, M, L, XL",1 Piece
EES24121,Dupatta,Dyed | Lawn,1990,In Stock,MULTI,images\EES24121,https://pk.khaadi.com/dupatta-ees24121-1001790532.html,"S, M, L, XL",1 Piece
ESS23416,Dupatta,Yarn Dyed Printed | Polyester Net,3190,In Stock,RED,images\ESS23416,https://pk.khaadi.com/dupatta-ess23416-1001792313.html,"S, M, L, XL",1 Piece
ESS23415,Dupatta,Yarn Dyed Printed | Polyester Net,2990,In Stock,MULTI,images\ESS23415,https://pk.khaadi.com/dupatta-ess23415-1001786862.html,"S, M, L, XL",1 Piece
ESS23411,Dupatta,Dyed Embroidered | Viscose Polyester Net,3990,In Stock,PURPLE,images\ESS23411,https://pk.khaadi.com/dupatta-ess23411-1001786867.html,"S, M, L, XL",1 Piece
EEB24134,Straight Pants,Printed | Cambric,1490,In Stock,MULTI,images\EEB24134,https://pk.khaadi.com/straight-pants-eeb24134-1001790421.html,"S, M, L, XL",1 Piece
EEB24135,Straight Pants,Printed | Cambric,1490,In Stock,MULTI,images\EEB24135,https://pk.khaadi.com/straight-pants-eeb24135-1001790426.html,"S, M, L, XL",1 Piece
EEB24140,Narrow Culottes,Printed | Cambric,1490,In Stock,MULTI,images\EEB24140,https://pk.khaadi.com/narrow-culottes-eeb24140-1001790446.html,"S, M, L, XL",1 Piece
EEB24137,Narrow Culottes,Printed | Cambric,1490,In Stock,MULTI,images\EEB24137,https://pk.khaadi.com/narrow-culottes-eeb24137-1001790431.html,"S, M, L, XL",1 Piece
EEB24132,Classic Shalwar,Printed | Cambric,1490,In Stock,MULTI,images\EEB24132,https://pk.khaadi.com/classic-shalwar-eeb24132-1001790411.html,"S, M, L, XL",1 Piece
EEB24139,Classic Shalwar,Printed | Cambric,1490,In Stock,MULTI,images\EEB24139,https://pk.khaadi.com/classic-shalwar-eeb24139-1001790441.html,"S, M, L, XL",1 Piece
EET23532B,Narrow Culottes,Dyed Embroidered | Crosshatch,2190,In Stock,BLACK,images\EET23532B,https://pk.khaadi.com/narrow-culottes-eet23532b-1001793250.html,"S, M, L, XL",1 Piece
EEB24131,Classic Shalwar,Printed | Cambric,1490,In Stock,MULTI,images\EEB24131,https://pk.khaadi.com/classic-shalwar-eeb24131-1001790406.html,"S, M, L, XL",1 Piece
EET23531B,Straight Pants,Dyed | Crosshatch,1690,In Stock,RUST,images\EET23531B,https://pk.khaadi.com/straight-pants-eet23531b-1001791283.html,"S, M, L, XL",1 Piece
EEB23510,Narrow Culottes,Dyed | Crosshatch,1690,In Stock,GREEN,images\EEB23510,https://pk.khaadi.com/narrow-culottes-eeb23510-1001791717.html,"S, M, L, XL",1 Piece
ESB23416,Narrow Culottes,Yarn Dyed Embroidered | Cotton Polyester Broshia Jacquard,2490,In Stock,GREEN,images\ESB23416,https://pk.khaadi.com/narrow-culottes-esb23416-1001790001.html,"S, M, L, XL",1 Piece
EEB24136,Narrow Culottes,Printed | Cambric,1490,In Stock,MULTI,images\EEB24136,https://pk.khaadi.com/narrow-culottes-eeb24136-1001790368.html,"S, M, L, XL",1 Piece
EEB23511,Classic Shalwar,Dyed | Crosshatch,1690,In Stock,RED,images\EEB23511,https://pk.khaadi.com/classic-shalwar-eeb23511-1001791317.html,"S, M, L, XL",1 Piece
ESB23414,Tapered Shalwar,Dyed Embroidered | Dull Raw Silk,3690,In Stock,PURPLE,images\ESB23414,https://pk.khaadi.com/tapered-shalwar-esb23414-1001790026.html,"S, M, L, XL",1 Piece
ESB23411,Tapered Shalwar,Dyed | Dull Raw Silk,2690,In Stock,BLUE,images\ESB23411,https://pk.khaadi.com/tapered-shalwar-esb23411-1001788648.html,"S, M, L, XL",1 Piece
ESB23412,Tapered Shalwar,Dyed Embroidered | Dull Raw Silk,2690,In Stock,BROWN,images\ESB23412,https://pk.khaadi.com/tapered-shalwar-esb23412-1001788653.html,"S, M, L, XL",1 Piece
EKT231026B,Classic Shalwar,Yarn Dyed Embroidered | Raw Silk,5990,In Stock,OFF-WHITE,images\EKT231026B,https://pk.khaadi.com/classic-shalwar-ekt231026b-1001788485.html,"S, M, L, XL",1 Piece
EEB24121,Tapered Shalwar,Printed | Cambric,1490,In Stock,MULTI,images\EEB24121,https://pk.khaadi.com/tapered-shalwar-eeb24121-1001790451.html,"S, M, L, XL",1 Piece
EEB24126,Classic Shalwar,Printed | Cambric,1490,In Stock,MULTI,images\EEB24126,https://pk.khaadi.com/classic-shalwar-eeb24126-1001790359.html,"S, M, L, XL",1 Piece
ESB23208,Cuff Shalwar,Printed Embroidered | Viscose Oak Silk,4990,In Stock,BLUE,images\ESB23208,https://pk.khaadi.com/cuff-shalwar-esb23208-1001786855.html,"S, M, L, XL",1 Piece
ESS23412,Dupatta,Dyed Embroidered | Viscose Polyester Net,3990,In Stock,PINK,images\ESS23412,https://pk.khaadi.com/dupatta-ess23412-1001786866.html,"S, M, L, XL",1 Piece
ESS23409,Dupatta,Yarn Dyed Embroidered | Cotton Polyester Broshia Jacquard,3690,In Stock,GREEN,images\ESS23409,https://pk.khaadi.com/dupatta-ess23409-1001790031.html,"S, M, L, XL",1 Piece
EES23518,Shawl,Yarn Dyed | Rashmina Acrylic,2190,In Stock,NAVY,images\EES23518,https://pk.khaadi.com/shawl-ees23518-1001786613.html,"S, M, L, XL",1 Piece
ESS23266,Stole,Printed | Viscose Oak Silk,3490,In Stock,BEIGE,images\ESS23266,https://pk.khaadi.com/stole-ess23266-1001778629.html,"S, M, L, XL",1 Piece
ESS23265,Stole,Yarn Dyed Embroidered | Cotton Net,4190,In Stock,OLIVE,images\ESS23265,https://pk.khaadi.com/stole-ess23265-1001775982.html,"S, M, L, XL",1 Piece
ESS23263,Stole,Yarn Dyed Embroidered | Cotton Net,2990,In Stock,GREEN,images\ESS23263,https://pk.khaadi.com/stole-ess23263-1001780105.html,"S, M, L, XL",1 Piece
ESS23264,Stole,Yarn Dyed Embroidered | Cotton Net,3690,In Stock,BLACK,images\ESS23264,https://pk.khaadi.com/stole-ess23264-1001772545.html,"S, M, L, XL",1 Piece
EES23288,Stole,Printed | Lawn,1690,In Stock,PINK,images\EES23288,https://pk.khaadi.com/stole-ees23288-1001776413.html,"S, M, L, XL",1 Piece
ESS23245,Stole,Dyed Embroidered | Waffle Jacquard,4190,In Stock,MUSTARD,images\ESS23245,https://pk.khaadi.com/stole-ess23245-1001778630.html,"S, M, L, XL",1 Piece
EES23146,Stole,Printed | Cotton Square,1690,In Stock,MULTI,images\EES23146,https://pk.khaadi.com/stole-ees23146-1001754919.html,"S, M, L, XL",1 Piece
ESS23131,Stole,Dyed Embroidered | Viscose Polyester Net,3690,In Stock,PURPLE,images\ESS23131,https://pk.khaadi.com/stole-ess23131-1001755086.html,"S, M, L, XL",1 Piece
ESS23132,Stole,Dyed Embroidered | Viscose Polyester Net,3990,In Stock,GREEN,images\ESS23132,https://pk.khaadi.com/stole-ess23132-1001758553.html,"S, M, L, XL",1 Piece
WCKT23226,V Neck Blouse,Dyed | Flat Back Variegated Rib,2990,In Stock,BLACK,images\WCKT23226,https://pk.khaadi.com/v-neck-blouse-wckt23226-1001775840.html,"S, M, L, XL",1 Piece
WCKT23230,Drop Shoulder T-shirt,Printed | Cotton Jersey,1990,In Stock,PINK,images\WCKT23230,https://pk.khaadi.com/drop-shoulder-t-shirt-wckt23230-1001775852.html,"S, M, L, XL",1 Piece
WCKT23233,Round Neck T-shirt,Dyed Embroidered | Cotton Jersey,1790,In Stock,BLACK,images\WCKT23233,https://pk.khaadi.com/round-neck-t-shirt-wckt23233-1001775860.html,"S, M, L, XL",1 Piece
WCKT23225T,Sleeveless T-shirt,Dyed | Flat Back Variegated Rib,2190,In Stock,GREEN,images\WCKT23225T,https://pk.khaadi.com/sleeveless-t-shirt-wckt23225t-1001775836.html,"S, M, L, XL",1 Piece
WCKT23221,Round Neck T-shirt,Printed | Cotton Jersey,1990,In Stock,YELLOW,images\WCKT23221,https://pk.khaadi.com/round-neck-t-shirt-wckt23221-1001775828.html,"S, M, L, XL",1 Piece
WCKT23225,V Neck Blouse,Dyed | Flat Back Variegated Rib,2990,In Stock,GREEN,images\WCKT23225,https://pk.khaadi.com/v-neck-blouse-wckt23225-1001775832.html,"S, M, L, XL",1 Piece
WCKT23228,Drop Shoulder T-shirt,Printed | Cotton Jersey,2190,In Stock,WHITE,images\WCKT23228,https://pk.khaadi.com/drop-shoulder-t-shirt-wckt23228-1001775844.html,"S, M, L, XL",1 Piece
WCKT23229,A Line Dress,Dyed | Flat Back Variegated Rib,3190,In Stock,BLACK,images\WCKT23229,https://pk.khaadi.com/a-line-dress-wckt23229-1001775848.html,"S, M, L, XL",1 Piece
WCKD23210,Belted A Line Dress,Dyed | Flat Back Variegated Rib,3990,In Stock,GREY,images\WCKD23210,https://pk.khaadi.com/belted-a-line-dress-wckd23210-1001775824.html,"S, M, L, XL",1 Piece
WCKB23227,Bootcut Trousers,Dyed | Flat Back Variegated Rib,2790,In Stock,GREEN,images\WCKB23227,https://pk.khaadi.com/bootcut-trousers-wckb23227-1001775816.html,"S, M, L, XL",1 Piece
WCKB23213,Balloon Trousers,Dyed | Lycra Jersey,2790,In Stock,BLACK,images\WCKB23213,https://pk.khaadi.com/balloon-trousers-wckb23213-1001775813.html,"S, M, L, XL",1 Piece
WSCT23232,Button Down Shirt,Dyed Embroidered | Viscose Oak Silk,5490,In Stock,BROWN,images\WSCT23232,https://pk.khaadi.com/button-down-shirt-wsct23232-1001788717.html,"S, M, L, XL",1 Piece
WSCD23249T,Oversized Blouse,Printed | Viscose Crepe,3690,In Stock,MULTI,images\WSCD23249T,https://pk.khaadi.com/oversized-blouse-wscd23249t-1001789062.html,"S, M, L, XL",1 Piece
WSCD23249,Belted Kaftan,Printed | Viscose Crepe,4190,In Stock,MULTI,images\WSCD23249,https://pk.khaadi.com/belted-kaftan-wscd23249-1001789060.html,"S, M, L, XL",1 Piece
WSCT23234,Button Down Shirt,Printed | Viscose Crepe,3690,In Stock,BLACK,images\WSCT23234,https://pk.khaadi.com/button-down-shirt-wsct23234-1001789074.html,"S, M, L, XL",1 Piece
WSCT23235,Tie Neck Blouse,Printed | Bamber Chiffon,4190,In Stock,BROWN,images\WSCT23235,https://pk.khaadi.com/tie-neck-blouse-wsct23235-1001789078.html,"S, M, L, XL",1 Piece
WSCT23211,V Neck Blouse,Dyed Embroidered | Organza,5490,In Stock,OFF-WHITE,images\WSCT23211,https://pk.khaadi.com/v-neck-blouse-wsct23211-1001789086.html,"S, M, L, XL",1 Piece
WSCT23233,Raglan Blouse,Printed | Viscose Crepe,3690,In Stock,MULTI,images\WSCT23233,https://pk.khaadi.com/raglan-blouse-wsct23233-1001789070.html,"S, M, L, XL",1 Piece
WSCT23237,Raglan Tunic,Printed Embroidered | Bamber Chiffon,4490,In Stock,BLACK,images\WSCT23237,https://pk.khaadi.com/raglan-tunic-wsct23237-1001789082.html,"S, M, L, XL",1 Piece
WSCD23253,Oversized Blouse,Dyed Embroidered | Viscose Crepe,3690,In Stock,BLACK,images\WSCD23253,https://pk.khaadi.com/oversized-blouse-wscd23253-1001788705.html,"S, M, L, XL",1 Piece
WSCD23252,Belted Shirt Dress,Dyed Embroidered | Viscose Oak Silk,6490,In Stock,BLACK,images\WSCD23252,https://pk.khaadi.com/belted-shirt-dress-wscd23252-1001788721.html,"S, M, L, XL",1 Piece
WSCB23231,Bootcut Trousers,Dyed | Viscose Oak Silk,2990,In Stock,BROWN,images\WSCB23231,https://pk.khaadi.com/bootcut-trousers-wscb23231-1001788693.html,"S, M, L, XL",1 Piece
WCWD23221,Tiered Dress,Dyed Embroidered | Cotton Cottel,4990,In Stock,BLUE,images\WCWD23221,https://pk.khaadi.com/tiered-dress-wcwd23221-1001777887.html,"S, M, L, XL",1 Piece
WCWB23219,Drop Shoulder Button Down Shirt,Dyed | Cotton Stretch Poplin,4690,In Stock,GREEN,images\WCWB23219,https://pk.khaadi.com/drop-shoulder-button-down-shirt-wcwb23219-1001786457.html,"S, M, L, XL",1 Piece
WCWD23221D,Tiered Dress,Dyed Embroidered | Cotton Cottel,5490,In Stock,BLUE,images\WCWD23221D,https://pk.khaadi.com/tiered-dress-wcwd23221d-1001777891.html,"S, M, L, XL",1 Piece
WCWT23215,Band Collar Button Down Shirt,Dyed Embroidered | Cambric,4490,In Stock,BEIGE,images\WCWT23215,https://pk.khaadi.com/band-collar-button-down-shirt-wcwt23215-1001777903.html,"S, M, L, XL",1 Piece
WCWT23213,Raglan Button Down Shirt,Dyed | Cotton Cottel,4490,In Stock,WHITE,images\WCWT23213,https://pk.khaadi.com/raglan-button-down-shirt-wcwt23213-1001783752.html,"S, M, L, XL",1 Piece
WCWT23217,Batwing Blouse,Printed | Cotton Viscose,4690,In Stock,BROWN,images\WCWT23217,https://pk.khaadi.com/batwing-blouse-wcwt23217-1001778381.html,"S, M, L, XL",1 Piece
WCWB23216,Drop Shoulder Button Down Shirt,Dyed Embroidered | Cotton Stretch Poplin,4490,In Stock,BLUE,images\WCWB23216,https://pk.khaadi.com/drop-shoulder-button-down-shirt-wcwb23216-1001787858.html,"S, M, L, XL",1 Piece
WCWT23214,Drop Shoulder Button Down Shirt,Dyed Embroidered | Cotton Stretch Poplin,4490,In Stock,BLACK,images\WCWT23214,https://pk.khaadi.com/drop-shoulder-button-down-shirt-wcwt23214-1001787854.html,"S, M, L, XL",1 Piece
WCWD23223,Belted Dress,Printed | Cotton Viscose,6490,In Stock,BLACK,images\WCWD23223,https://pk.khaadi.com/belted-dress-wcwd23223-1001777898.html,"S, M, L, XL",1 Piece
WCWT23216,Classic Button Down Shirt With Cuff Sleeves,Printed | Cotton Viscose,4690,In Stock,OFF-WHITE,images\WCWT23216,https://pk.khaadi.com/classic-button-down-shirt-with-cuff-sleeves-wcwt23216-1001777909.html,"S, M, L, XL",1 Piece
WCWB23218,Drop Shoulder Button Down Shirt,Dyed Embroidered | Cotton Stretch Poplin,4490,In Stock,WHITE,images\WCWB23218,https://pk.khaadi.com/drop-shoulder-button-down-shirt-wcwb23218-1001787850.html,"S, M, L, XL",1 Piece
WCWD23222,Raglan Dress,Dyed Embroidered | Cotton Cottel,5490,In Stock,BROWN,images\WCWD23222,https://pk.khaadi.com/raglan-dress-wcwd23222-1001777895.html,"S, M, L, XL",1 Piece
WSCD23233,V Neck Tunic,Dyed | Polyester Broshia,4190,In Stock,PINK,images\WSCD23233,https://pk.khaadi.com/v-neck-tunic-wscd23233-1001785463.html,"S, M, L, XL",1 Piece
WSCD23232,Button Down Shirt,Dyed | Polyester Broshia,4690,In Stock,PINK,images\WSCD23232,https://pk.khaadi.com/button-down-shirt-wscd23232-1001785475.html,"S, M, L, XL",1 Piece
WSCT23222B,V Neck Blouse,Printed | Textured Chiffon,4190,In Stock,BLACK,images\WSCT23222B,https://pk.khaadi.com/v-neck-blouse-wsct23222b-1001785467.html,"S, M, L, XL",1 Piece
WSCT23221,Button Down Shirt,Dyed | Ripple Polyester,4690,In Stock,L-GREEN,images\WSCT23221,https://pk.khaadi.com/button-down-shirt-wsct23221-1001785487.html,"S, M, L, XL",1 Piece
WSCT23220,Button Down Shirt,Dyed | Polyester Broshia,4690,In Stock,MAROON,images\WSCT23220,https://pk.khaadi.com/button-down-shirt-wsct23220-1001785483.html,"S, M, L, XL",1 Piece
WSCD23234,Button Down Shirt,Dyed | Ripple Polyester,4690,In Stock,MAROON,images\WSCD23234,https://pk.khaadi.com/button-down-shirt-wscd23234-1001785479.html,"S, M, L, XL",1 Piece
WSCD23231,Belted Oversized Blouse,Dyed | Pleated Georgette,4190,In Stock,BLUE,images\WSCD23231,https://pk.khaadi.com/belted-oversized-blouse-wscd23231-1001785461.html,"S, M, L, XL",1 Piece
WSCD23236,Raglan Blouse,Printed | Textured Chiffon,4190,In Stock,OFF-WHITE,images\WSCD23236,https://pk.khaadi.com/raglan-blouse-wscd23236-1001785457.html,"S, M, L, XL",1 Piece
WSCT23219,A-Line Dress,Dyed | Pleated Georgette,4490,In Stock,PINK,images\WSCT23219,https://pk.khaadi.com/a-line-dress-wsct23219-1001785451.html,"S, M, L, XL",1 Piece
WSCD23230,Belted Dress,Dyed | Pleated Georgette,5990,In Stock,YELLOW,images\WSCD23230,https://pk.khaadi.com/belted-dress-wscd23230-1001785441.html,"S, M, L, XL",1 Piece
WSCD23236D,Belted Raglan Dress,Printed | Textured Chiffon,7990,In Stock,OFF-WHITE,images\WSCD23236D,https://pk.khaadi.com/belted-raglan-dress-wscd23236d-1001785437.html,"S, M, L, XL",1 Piece
WSCT23222,Belted Dress,Printed | Textured Chiffon,7990,In Stock,BLACK,images\WSCT23222,https://pk.khaadi.com/belted-dress-wsct23222-1001785453.html,"S, M, L, XL",1 Piece
WCKT23238,Drop Shoulder T-shirt,Dyed Embroidered | Cotton Jersey,1790,In Stock,BLACK,images\WCKT23238,https://pk.khaadi.com/drop-shoulder-t-shirt-wckt23238-1001768999.html,"S, M, L, XL",1 Piece
WCKT23252,Drop Shoulder T-shirt,Printed | Cotton Jersey,1790,In Stock,WHITE,images\WCKT23252,https://pk.khaadi.com/drop-shoulder-t-shirt-wckt23252-1001769039.html,"S, M, L, XL",1 Piece
WCKT23239,Drop Shoulder T-shirt,Dyed Embroidered | VP Lycra Jersey,1790,In Stock,GREEN,images\WCKT23239,https://pk.khaadi.com/drop-shoulder-t-shirt-wckt23239-1001769003.html,"S, M, L, XL",1 Piece
WCKT23248,Round Neck T-shirt,Printed | Lycra Jersey,2190,In Stock,WHITE,images\WCKT23248,https://pk.khaadi.com/round-neck-t-shirt-wckt23248-1001769031.html,"S, M, L, XL",1 Piece
WCKB23218,Bootcut Pants,Dyed | Stretch French Terry,2590,In Stock,GREEN,images\WCKB23218,https://pk.khaadi.com/bootcut-pants-wckb23218-1001768984.html,"S, M, L, XL",1 Piece
WCKT23247,Round Neck T-shirt,Printed Embroidered | Lycra Jersey,1990,In Stock,GREY,images\WCKT23247,https://pk.khaadi.com/round-neck-t-shirt-wckt23247-1001769027.html,"S, M, L, XL",1 Piece
WCKT23244,Round Neck T-shirt,Printed | Lycra Jersey,1790,In Stock,WHITE,images\WCKT23244,https://pk.khaadi.com/round-neck-t-shirt-wckt23244-1001769015.html,"S, M, L, XL",1 Piece
WCKT23254,Tank Top,Dyed | Lycra Rib,1190,In Stock,BEIGE,images\WCKT23254,https://pk.khaadi.com/tank-top-wckt23254-1001769043.html,"S, M, L, XL",1 Piece
WCKT23243,Drop Shoulder T-shirt,Printed Embroidered | Single Jersey,2190,In Stock,BLUE,images\WCKT23243,https://pk.khaadi.com/drop-shoulder-t-shirt-wckt23243-1001769011.html,"S, M, L, XL",1 Piece
WCKT23245,Drop Shoulder T-shirt,Printed Embroidered | Lycra Jersey,2190,In Stock,BLACK,images\WCKT23245,https://pk.khaadi.com/drop-shoulder-t-shirt-wckt23245-1001769019.html,"S, M, L, XL",1 Piece
WCKB23220,Shalwar Pants,Dyed | Lycra Jersey,2390,In Stock,GREY,images\WCKB23220,https://pk.khaadi.com/shalwar-pants-wckb23220-1001768993.html,"S, M, L, XL",1 Piece
WCKB23219,Shalwar Pants,Dyed | Double Jersey,2390,In Stock,BLUE,images\WCKB23219,https://pk.khaadi.com/shalwar-pants-wckb23219-1001768988.html,"S, M, L, XL",1 Piece
WCKT23246,Oversized T-Shirt,Printed | Lycra Jersey,1990,In Stock,WHITE,images\WCKT23246,https://pk.khaadi.com/oversized-t-shirt-wckt23246-1001769023.html,"S, M, L, XL",1 Piece
WCKT23249,Round Neck T-shirt,Printed | Lycra Jersey,1790,In Stock,YELLOW,images\WCKT23249,https://pk.khaadi.com/round-neck-t-shirt-wckt23249-1001769036.html,"S, M, L, XL",1 Piece
WSCD23222,Tiered Dress,Dyed Embroidered | Viscose Crepe,5990,In Stock,MAROON,images\WSCD23222,https://pk.khaadi.com/tiered-dress-wscd23222-1001784291.html,"S, M, L, XL",1 Piece
WSCB23209T,V Neck Tunic,Dyed Embroidered | Viscose Crepe,4990,In Stock,BLACK,images\WSCB23209T,https://pk.khaadi.com/v-neck-tunic-wscb23209t-1001783772.html,"S, M, L, XL",1 Piece
WSCD23217B,Culottes Pants,Dyed Embroidered | Viscose Crepe,3190,In Stock,OFF-WHITE,images\WSCD23217B,https://pk.khaadi.com/culottes-pants-wscd23217b-1001783781.html,"S, M, L, XL",1 Piece
WSCD23219,Elasticated Hem Dress,Printed | Viscose Oak Silk,5990,In Stock,OFF-WHITE,images\WSCD23219,https://pk.khaadi.com/elasticated-hem-dress-wscd23219-1001784271.html,"S, M, L, XL",1 Piece
WSCD23217,Button Down Shirt,Dyed Embroidered | Viscose Crepe,4490,In Stock,OFF-WHITE,images\WSCD23217,https://pk.khaadi.com/button-down-shirt-wscd23217-1001783776.html,"S, M, L, XL",1 Piece
WSCT23213B,Straight Pants,Printed | Viscose Crepe,2390,In Stock,MULTI,images\WSCT23213B,https://pk.khaadi.com/straight-pants-wsct23213b-1001784286.html,"S, M, L, XL",1 Piece
WSCB23207,Single Tiered Belted Dress,Printed | Chiffon,6990,In Stock,GREEN,images\WSCB23207,https://pk.khaadi.com/single-tiered-belted-dress-wscb23207-1001784265.html,"S, M, L, XL",1 Piece
WSCD23220,Elasticated Hem Dress,Printed Embroidered | Chiffon,6990,In Stock,BLACK,images\WSCD23220,https://pk.khaadi.com/elasticated-hem-dress-wscd23220-1001783758.html,"S, M, L, XL",1 Piece
WSCD23223,Belted Jumpsuit,Printed | Viscose Crepe,4990,In Stock,MAROON,images\WSCD23223,https://pk.khaadi.com/belted-jumpsuit-wscd23223-1001784278.html,"S, M, L, XL",1 Piece
WSCD23218,Tiered Dress,Dyed Embroidered | Viscose Crepe,5990,In Stock,BLACK,images\WSCD23218,https://pk.khaadi.com/tiered-dress-wscd23218-1001780368.html,"S, M, L, XL",1 Piece
WSCT23213,Button Down Shirt,Printed | Viscose Crepe,4190,In Stock,MULTI,images\WSCT23213,https://pk.khaadi.com/button-down-shirt-wsct23213-1001784282.html,"S, M, L, XL",1 Piece
WCKO22416,Oversized Sweatshirt,Printed Lycra Terry | Sweatshirt,2690,In Stock,RED,images\WCKO22416,https://pk.khaadi.com/oversized-sweatshirt-wcko22416-1001736940.html,"S, M, L, XL",1 Piece
WCWD23220,Raglan Tunic,Dyed | Crosshatch Poplin,3490,In Stock,BLACK,images\WCWD23220,https://pk.khaadi.com/raglan-tunic-wcwd23220-1001784402.html,"S, M, L, XL",1 Piece
WCWS23208,Peplum,Dyed Embroidered | Triblend,4490,In Stock,RED,images\WCWS23208,https://pk.khaadi.com/peplum-wcws23208-1001784398.html,"S, M, L, XL",1 Piece
WCWT23226,Peplum,Printed | Premium Lawn,4190,In Stock,BLUE,images\WCWT23226,https://pk.khaadi.com/peplum-wcwt23226-1001786456.html,"S, M, L, XL",1 Piece
WCWT23227,Raglan Blouse,Printed Embroidered | Premium Lawn,4690,In Stock,PINK,images\WCWT23227,https://pk.khaadi.com/raglan-blouse-wcwt23227-1001786452.html,"S, M, L, XL",1 Piece
WCWS23207,Button Down Shirt,Dyed | Ripple Crinkle,3490,In Stock,BLUE,images\WCWS23207,https://pk.khaadi.com/button-down-shirt-wcws23207-1001784306.html,"S, M, L, XL",1 Piece
WCWT23212,Button Down Shirt,Printed Embroidered | Crosshatch Poplin,4490,In Stock,BLUE,images\WCWT23212,https://pk.khaadi.com/button-down-shirt-wcwt23212-1001789032.html,"S, M, L, XL",1 Piece
WCWD23218,Drop Shoulder Button Down Shirt,Dyed | Ripple Crinkle,3490,In Stock,PINK,images\WCWD23218,https://pk.khaadi.com/drop-shoulder-button-down-shirt-wcwd23218-1001784406.html,"S, M, L, XL",1 Piece
WCWT23210,Button Down Shirt,Printed | Ripple Crinkle,3490,In Stock,GREEN,images\WCWT23210,https://pk.khaadi.com/button-down-shirt-wcwt23210-1001785389.html,"S, M, L, XL",1 Piece
WCKT23127,Polo Shirt,Yarn Dyed | Jacquard Jersey,3190,In Stock,BLACK,images\WCKT23127,https://pk.khaadi.com/polo-shirt-wckt23127-1001753448.html,"S, M, L, XL",1 Piece
WSCD23229,Batwing Button Down Tunic,Dyed | Heavy Georgette,4490,In Stock,GREEN,images\WSCD23229,https://pk.khaadi.com/batwing-button-down-tunic-wscd23229-1001775690.html,"S, M, L, XL",1 Piece
WSCT23115,Classic Button Down Shirt,Printed | Viscose Cottel,3190,In Stock,PURPLE,images\WSCT23115,https://pk.khaadi.com/classic-button-down-shirt-wsct23115-1001759896.html,"S, M, L, XL",1 Piece
WCKT23275,Basic Camisole,Dyed | Lycra Jersey,990,In Stock,BEIGE,images\WCKT23275,https://pk.khaadi.com/basic-camisole-wckt23275-1001771362.html,"S, M, L, XL",1 Piece
WCWD23215,Belted Shirt Dress,Printed | Ripple Crinkle,5990,In Stock,BLUE,images\WCWD23215,https://pk.khaadi.com/belted-shirt-dress-wcwd23215-1001784303.html,"S, M, L, XL",1 Piece
WCWD23217,Belted A Line Dress,Dyed Embroidered | Triblend,6990,In Stock,BLACK,images\WCWD23217,https://pk.khaadi.com/belted-a-line-dress-wcwd23217-1001788681.html,"S, M, L, XL",1 Piece
WCWD23214,Belted Shirt Dress,Printed | Ripple Crinkle,5990,In Stock,BLUE,images\WCWD23214,https://pk.khaadi.com/belted-shirt-dress-wcwd23214-1001784395.html,"S, M, L, XL",1 Piece
WCWD23216,Tiered Dress,Printed Embroidered | Crosshatch Poplin,6990,In Stock,OFF-WHITE,images\WCWD23216,https://pk.khaadi.com/tiered-dress-wcwd23216-1001789037.html,"S, M, L, XL",1 Piece
WCKD23105B,Low Tiered Dress,Printed | Lycra Jersey,3690,In Stock,MULTI,images\WCKD23105B,https://pk.khaadi.com/low-tiered-dress-wckd23105b-1001747695.html,"S, M, L, XL",1 Piece
WCKB23212,Balloon Trousers,Dyed | Lycra Jersey,2790,In Stock,WHITE,images\WCKB23212,https://pk.khaadi.com/balloon-trousers-wckb23212-1001775808.html,"S, M, L, XL",1 Piece
WCWB23208,Straight Trousers,Dyed | Stretch Twill,2990,In Stock,BEIGE,images\WCWB23208,https://pk.khaadi.com/straight-trousers-wcwb23208-1001784390.html,"S, M, L, XL",1 Piece
WCWB23207B,Culottes,Dyed | Stretch Twill,3190,In Stock,OFF-WHITE,images\WCWB23207B,https://pk.khaadi.com/culottes-wcwb23207b-1001784382.html,"S, M, L, XL",1 Piece
WSCD23235B,Straight Trousers,Dyed | Ripple Polyester,4490,In Stock,BLACK,images\WSCD23235B,https://pk.khaadi.com/straight-trousers-wscd23235b-1001785417.html,"S, M, L, XL",1 Piece
WSCT23219B,Flared Pants,Dyed | Pleated Georgette,3690,In Stock,PINK,images\WSCT23219B,https://pk.khaadi.com/flared-pants-wsct23219b-1001785421.html,"S, M, L, XL",1 Piece
WCWB22416,Mid-Rise Skinny Jeans,Mid Blue Wash Stretch Denim,3490,In Stock,BLUE,images\WCWB22416,https://pk.khaadi.com/mid-rise-skinny-jeans-wcwb22416-1001736821.html,"S, M, L, XL",1 Piece
WCWB22415,High-Rise Skinny Jeans,Light Blue Wash Stretch Denim,3690,In Stock,BLUE,images\WCWB22415,https://pk.khaadi.com/high-rise-skinny-jeans-wcwb22415-1001736816.html,"S, M, L, XL",1 Piece
WCWB22411,High-Rise Skinny Jeans,Dark Blue Wash Stretch Denim,3690,In Stock,BLUE,images\WCWB22411,https://pk.khaadi.com/high-rise-skinny-jeans-wcwb22411-1001736806.html,"S, M, L, XL",1 Piece
WCWB22418,High-Rise Bootcut Jeans,Black Stretch Denim,3990,In Stock,BLACK,images\WCWB22418,https://pk.khaadi.com/high-rise-bootcut-jeans-wcwb22418-1001736831.html,"S, M, L, XL",1 Piece
WCWB22417,Mid-Rise Skinny Jeans,Black Stretch Denim,3490,In Stock,BLACK,images\WCWB22417,https://pk.khaadi.com/mid-rise-skinny-jeans-wcwb22417-1001736826.html,"S, M, L, XL",1 Piece
WCWB22412,Mid-Rise Bootcut Jeans,Light Blue Wash Stretch Denim,3990,In Stock,BLUE,images\WCWB22412,https://pk.khaadi.com/mid-rise-bootcut-jeans-wcwb22412-1001736811.html,"S, M, L, XL",1 Piece
WCWB22414E,Tiered Skirt,Skirt,6490,In Stock,WHITE,images\WCWB22414E,https://pk.khaadi.com/tiered-skirt-wcwb22414e-1001743175.html,"S, M, L, XL",1 Piece
EST22481,Classic Kurta,Dyed Embroidered | Marina Herringbone,6490,In Stock,BROWN,images\EST22481,https://pk.khaadi.com/classic-kurta-est22481-1001748092.html,"S, M, L, XL",1 Piece
EEO22438,Drop Shoulder,Printed | Corduroy,5990,In Stock,MULTI,images\EEO22438,https://pk.khaadi.com/drop-shoulder-eeo22438-1001747224.html,"S, M, L, XL",1 Piece
EET22436,Classic Kameez,Printed | Corduroy,4990,In Stock,MULTI,images\EET22436,https://pk.khaadi.com/classic-kameez-eet22436-1001747214.html,"S, M, L, XL",1 Piece
EEO22480,Classic Kameez,Yarn Dyed Embroidered | Denim,5490,In Stock,BLUE,images\EEO22480,https://pk.khaadi.com/classic-kameez-eeo22480-1001742857.html,"S, M, L, XL",1 Piece
ECT22405KN,Flared Kameez,Printed | Khaddi Net,6990,In Stock,PURPLE,images\ECT22405KN,https://pk.khaadi.com/flared-kameez-ect22405kn-1001751005.html,"S, M, L, XL",1 Piece
ECT22408KN,Classic Kurta,Printed | Khaddi Net,7490,In Stock,BLUE,images\ECT22408KN,https://pk.khaadi.com/classic-kurta-ect22408kn-1001752631.html,"S, M, L, XL",1 Piece
ECT22412KN,Classic Kameez,Dyed Embroidered | Khaddi Net,14990,In Stock,WHITE,images\ECT22412KN,https://pk.khaadi.com/classic-kameez-ect22412kn-1001747252.html,"S, M, L, XL",1 Piece
ECT22406KN,Flared Kameez,Printed | Khaddi Net,6990,In Stock,BEIGE,images\ECT22406KN,https://pk.khaadi.com/flared-kameez-ect22406kn-1001751010.html,"S, M, L, XL",1 Piece
ECT22410KN,Classic Kurta,Printed | Khaddi Net,7990,In Stock,LILAC,images\ECT22410KN,https://pk.khaadi.com/classic-kurta-ect22410kn-1001751338.html,"S, M, L, XL",1 Piece
EST22491,Classic Kameez,Dyed Embroidered | Cambric,7490,In Stock,BLACK,images\EST22491,https://pk.khaadi.com/classic-kameez-est22491-1001750122.html,"S, M, L, XL",1 Piece
ECT22407KN,Classic Kameez,Printed | Khaddi Net,7490,In Stock,BLACK,images\ECT22407KN,https://pk.khaadi.com/classic-kameez-ect22407kn-1001753706.html,"S, M, L, XL",1 Piece
EST23179,Drop Shoulder,Dyed Embroidered | Dobby,8990,In Stock,PINK,images\EST23179,https://pk.khaadi.com/drop-shoulder-est23179-1001756836.html,"S, M, L, XL",1 Piece
EET23274,Contemporary Kameez,Yarn Dyed | Cotton Polyester Broshia Jacquard,4490,In Stock,RED,images\EET23274,https://pk.khaadi.com/contemporary-kameez-eet23274-1001773212.html,"S, M, L, XL",1 Piece
ESB23157,Straight Pants,Dyed Embroidered | Dobby,2490,In Stock,ORANGE,images\ESB23157,https://pk.khaadi.com/straight-pants-esb23157-1001756790.html,"S, M, L, XL",1 Piece
EST23186,Flared Kameez,Printed Embroidered | Dull Raw Silk,5490,In Stock,MULTI,images\EST23186,https://pk.khaadi.com/flared-kameez-est23186-1001755129.html,"S, M, L, XL",1 Piece
EST23188,Flared Kameez,Printed Embroidered | Dull Raw Silk,5990,In Stock,MULTI,images\EST23188,https://pk.khaadi.com/flared-kameez-est23188-1001756826.html,"S, M, L, XL",1 Piece
ESB23144B,Narrow Culottes,Dyed Embroidered | Dull Raw Silk,2490,In Stock,BLUE,images\ESB23144B,https://pk.khaadi.com/narrow-culottes-esb23144b-1001755031.html,"S, M, L, XL",1 Piece
EST23172,Classic Kurta,Dyed Embroidered | Dull Raw Silk,8490,In Stock,BLUE,images\EST23172,https://pk.khaadi.com/classic-kurta-est23172-1001755189.html,"S, M, L, XL",1 Piece
EST23166,Flared Kameez,Printed Embroidered | Cotton Cottel,4990,In Stock,MULTI,images\EST23166,https://pk.khaadi.com/flared-kameez-est23166-1001768002.html,"S, M, L, XL",1 Piece
EEB23244,Narrow Culottes,Yarn Dyed | Cotton Polyester Broshia Jacquard,1990,In Stock,RED,images\EEB23244,https://pk.khaadi.com/narrow-culottes-eeb23244-1001771008.html,"S, M, L, XL",1 Piece
ESB23222,Narrow Culottes,Yarn Dyed Embroidered | Cotton Polyester Broshia Jacquard,2690,In Stock,GREEN,images\ESB23222,https://pk.khaadi.com/narrow-culottes-esb23222-1001774854.html,"S, M, L, XL",1 Piece
EST23176,Classic Kurta,Dyed Embroidered | Cambric,6990,In Stock,PURPLE,images\EST23176,https://pk.khaadi.com/classic-kurta-est23176-1001758597.html,"S, M, L, XL",1 Piece
EST23232,Classic Kurta,Yarn Dyed Embroidered | Cotton Polyester Broshia Jacquard,6490,In Stock,GREEN,images\EST23232,https://pk.khaadi.com/classic-kurta-est23232-1001774907.html,"S, M, L, XL",1 Piece
EET23347,Kali Kurta,Dyed Embroidered | Dobby,3490,In Stock,BLUE,images\EET23347,https://pk.khaadi.com/kali-kurta-eet23347-1001773664.html,"S, M, L, XL",1 Piece
EET23349T,Kali Kurta,Dyed | Dobby,2990,In Stock,OFF-WHITE,images\EET23349T,https://pk.khaadi.com/kali-kurta-eet23349t-1001773669.html,"S, M, L, XL",1 Piece
EET23348T,Classic Kameez,Dyed | Dobby,2990,In Stock,PINK,images\EET23348T,https://pk.khaadi.com/classic-kameez-eet23348t-1001773667.html,"S, M, L, XL",1 Piece
EET23339,Contemporary Kameez,Printed | Cambric,2690,In Stock,BLUE,images\EET23339,https://pk.khaadi.com/contemporary-kameez-eet23339-1001772448.html,"S, M, L, XL",1 Piece
EET23336,Classic Kameez,Printed | Cotton Viscose,2990,In Stock,MULTI,images\EET23336,https://pk.khaadi.com/classic-kameez-eet23336-1001776230.html,"S, M, L, XL",1 Piece
EET23338,Classic Kameez,Printed | Cotton Viscose,2990,In Stock,RED,images\EET23338,https://pk.khaadi.com/classic-kameez-eet23338-1001775972.html,"S, M, L, XL",1 Piece
EET23346T,Classic Kurta,Dyed | Dobby,2990,In Stock,YELLOW,images\EET23346T,https://pk.khaadi.com/classic-kurta-eet23346t-1001773158.html,"S, M, L, XL",1 Piece
EET231186,Kali Kurta,Printed | Cambric,2190,In Stock,MULTI,images\EET231186,https://pk.khaadi.com/kali-kurta-eet231186-1001760830.html,"S, M, L, XL",1 Piece
EET23345,Classic Kurta,Printed | Cambric,2990,In Stock,MULTI,images\EET23345,https://pk.khaadi.com/classic-kurta-eet23345-1001772443.html,"S, M, L, XL",1 Piece
EET23346,Kali Kurta,Dyed Embroidered | Dobby,3490,In Stock,YELLOW,images\EET23346,https://pk.khaadi.com/kali-kurta-eet23346-1001773663.html,"S, M, L, XL",1 Piece
EET23340,Classic Kameez,Printed | Cambric,2690,In Stock,PINK,images\EET23340,https://pk.khaadi.com/classic-kameez-eet23340-1001772428.html,"S, M, L, XL",1 Piece
EET23350,Classic Kameez,Dyed Embroidered | Dobby,3490,In Stock,BLUE,images\EET23350,https://pk.khaadi.com/classic-kameez-eet23350-1001773807.html,"S, M, L, XL",1 Piece
ALA230802,Fabrics 3 Piece Suit,Printed | Top Bottoms Dupatta,4190,In Stock,PURPLE,images\ALA230802,https://pk.khaadi.com/fabrics-3-piece-suit-ala230802-1001777544.html,"S, M, L, XL",3 Piece
BLA230804,Fabrics 3 Piece Suit,Printed Embroidered | Top Bottoms Dupatta,4590,In Stock,YELLOW,images\BLA230804,https://pk.khaadi.com/fabrics-3-piece-suit-bla230804-1001777602.html,"S, M, L, XL",3 Piece
ALA230801,Fabrics 3 Piece Suit,Printed | Top Bottoms Dupatta,4190,In Stock,YELLOW,images\ALA230801,https://pk.khaadi.com/fabrics-3-piece-suit-ala230801-1001777542.html,"S, M, L, XL",3 Piece
LLA230801,Fabrics 2 Piece,Printed | Top Dupatta,3190,In Stock,GREEN,images\LLA230801,https://pk.khaadi.com/fabrics-2-piece-lla230801-1001777519.html,"S, M, L, XL",2 Piece
BLA230803,Fabrics 3 Piece Suit,Printed Embroidered | Top Bottoms Dupatta,5190,In Stock,MAROON,images\BLA230803,https://pk.khaadi.com/fabrics-3-piece-suit-bla230803-1001777600.html,"S, M, L, XL",3 Piece
ALA230828,Fabrics 3 Piece Suit,Printed | Top Bottoms Dupatta,4190,In Stock,BLACK,images\ALA230828,https://pk.khaadi.com/fabrics-3-piece-suit-ala230828-1001777593.html,"S, M, L, XL",3 Piece
ALA230827,Fabrics 3 Piece Suit,Printed | Top Bottoms Dupatta,4190,In Stock,GREEN,images\ALA230827,https://pk.khaadi.com/fabrics-3-piece-suit-ala230827-1001777591.html,"S, M, L, XL",3 Piece
LLA230802,Fabrics 2 Piece,Printed | Top Dupatta,3190,In Stock,OFF-WHITE,images\LLA230802,https://pk.khaadi.com/fabrics-2-piece-lla230802-1001777521.html,"S, M, L, XL",2 Piece
