ID,Product Name,Product Description,Price,Color,Product Type,Occasion,Skin Tone Category
ALK231009,Fabrics 3 Piece Suit,Printed Light Khaddar | Top Bottoms Dupatta,3490,NAVY,Complete Outfit,Casual,Deep/Dark
BLK231004,Fabrics 3 Piece Suit,Printed Embroidered Light Khaddar | Top Bottoms Dupatta,4290,OLIVE,Complete Outfit,Casual,Medium/Olive
ACA231008,Fabrics 3 Piece Suit,Printed Cambric | Top Bottoms Dupatta,3490,BEIGE,Complete Outfit,Casual,Light/Fair
ILK231001,Fabrics 2 Piece,Printed Embroidered Light Khaddar | Top Bottoms,3990,D-GREEN,2 Piece Outfit,Casual,Deep/Dark
JK231001,Fabrics 2 Piece,Printed Khaddar | Top Bottoms,2490,WHITE,2 Piece Outfit,Casual,Light/Fair
MLK231001,Fabrics 2 Piece,Printed Embroidered Light Khaddar | Top Dupatta,3390,GREEN,2 Piece Outfit,Casual,Deep/Dark
AK231006,Fabrics 3 Piece Suit,Printed Khaddar | Top Bottoms Dupatta,3490,ORANGE,Complete Outfit,Casual,Deep/Dark
BLK231001,Fabrics 3 Piece Suit,Printed Embroidered Light Khaddar | Top Bottoms Dupatta,4290,NAVY,Complete Outfit,Casual,Deep/Dark
JK231002,Fabrics 2 Piece,Printed Khaddar | Top Bottoms,2490,ORANGE,2 Piece Outfit,Casual,Deep/Dark
BCH231002,Fabrics 3 Piece Suit,Dyed Embroidered Crosshatch | Top Bottoms Dupatta,5490,BEIGE,Complete Outfit,Formal,Light/Fair
ALK231017,Fabrics 3 Piece Suit,Printed Light Khaddar | Top Bottoms Dupatta,3490,NAVY,Complete Outfit,Casual,Deep/Dark
BCH231003,Fabrics 3 Piece Suit,Dyed Embroidered Crosshatch | Top Bottoms Dupatta,5490,D-PINK,Complete Outfit,Formal,Deep/Dark
BK231002,Fabrics 3 Piece Suit,Printed Embroidered Khaddar | Top Bottoms Shawl,5490,BLACK,Complete Outfit,Casual,Deep/Dark
BK231004,Fabrics 3 Piece Suit,Printed Embroidered Khaddar | Top Bottoms Dupatta,4990,OLIVE,Complete Outfit,Casual,Medium/Olive
BLK231007,Fabrics 3 Piece Suit,Printed Embroidered Light Khaddar | Top Bottoms Dupatta,4290,GREEN,Complete Outfit,Casual,Deep/Dark
BLK231008,Fabrics 3 Piece Suit,Printed Embroidered Light Khaddar | Top Bottoms Dupatta,4290,BLUE,Complete Outfit,Casual,Deep/Dark
BLK231005,Fabrics 3 Piece Suit,Printed Embroidered Light Khaddar | Top Bottoms Dupatta,4290,MUSTARD,Complete Outfit,Casual,Deep/Dark
BK231001,Fabrics 3 Piece Suit,Printed Embroidered Khaddar | Top Bottoms Shawl,5490,GREEN,Complete Outfit,Casual,Deep/Dark
EET24146,Classic Kurta,Printed | Cambric,2490,MULTI,Top,Casual,Deep/Dark
EST23427,Batwing Tunic,Printed Embroidered | Dull Raw Silk,6490,MULTI,Top,Wedding,Deep/Dark
EET23534,Drop Shoulder,Printed | Khaddar,3490,NAVY,Other,Casual,Deep/Dark
EST23430,Classic Kameez,Printed Embroidered | Dull Raw Silk,4990,OFF-WHITE,Top,Wedding,Light/Fair
EST23424,Classic Kameez,Yarn Dyed | Cotton Polyester Broshia Jacquard,4990,GREEN,Top,Casual,Deep/Dark
EET23532,Choga,Dyed Embroidered | Crosshatch,3690,BLACK,Top,Formal,Deep/Dark
EST23420,Classic Kurta,Dyed Embroidered | Dull Raw Silk,4990,PURPLE,Top,Wedding,Deep/Dark
EST23419,Classic Kurta,Dyed Embroidered | Dull Raw Silk,6990,OFF-WHITE,Top,Wedding,Light/Fair
EST23423,Classic Kameez,Dyed Embroidered | Dull Raw Silk,4990,PINK,Top,Wedding,Light/Fair
EET23528,Drop Shoulder,Dyed Embroidered | Crosshatch,3190,GREEN,Other,Formal,Deep/Dark
EET24141,Classic Kurta,Printed | Cambric,2490,MULTI,Top,Casual,Deep/Dark
EST23429,Choga,Printed Embroidered | Dull Raw Silk,5990,TURQUOISE,Top,Wedding,Light/Fair
LLA230902,Fabrics 2 Piece,Printed Lawn | Top Dupatta,2490,BEIGE,2 Piece Outfit,Casual,Light/Fair
JCA231003,Fabrics 2 Piece,Printed Cambric | Top Bottoms,2490,GREEN,2 Piece Outfit,Casual,Deep/Dark
JLK231002,Fabrics 2 Piece,Printed Light Khaddar | Top Bottoms,2490,L-GREEN,2 Piece Outfit,Casual,Light/Fair
JCA231001,Fabrics 2 Piece,Printed Cambric | Top Bottoms,2490,NAVY,2 Piece Outfit,Casual,Deep/Dark
JLK231001,Fabrics 2 Piece,Printed Light Khaddar | Top Bottoms,2490,BEIGE,2 Piece Outfit,Casual,Light/Fair
WSCD23237,Wrap Blouse,Printed | Viscose Crepe,3990,BLACK,Top,Casual,Deep/Dark
WSCT23223,Button Down Tunic,Printed | Viscose Crepe,3490,BROWN,Top,Casual,Deep/Dark
WSCT23224,Drawstring Waist Shirt,Dyed Embroidered | Viscose Cottel,4690,BEIGE,Top,Formal,Light/Fair
WSCD23241,V Neck Blouse,Dyed Embroidered | Viscose Cottel,3990,BLACK,Top,Formal,Deep/Dark
WSCD23248,Wrap Dress,Printed | Viscose Cottel,4990,BLACK,Top,Casual,Deep/Dark
WSCD23239,Wrap Dress,Printed | Dull Raw Silk,4990,BLUE,Top,Casual,Deep/Dark
WSCD23238,Belted Shirt Dress,Printed | Viscose Crepe,4990,BLUE,Top,Casual,Deep/Dark
WSCB23219,Bootcut Trousers,Printed | Viscose Crepe,2590,BROWN,Bottom,Casual,Deep/Dark
WSCD23240B,Wide Leg Trousers,Dyed Embroidered | Viscose Crepe,3190,BLUE,Bottom,Formal,Deep/Dark
WSCB23221,Straight Trousers,Dyed | Stretch Twill,3490,BEIGE,Bottom,Casual,Light/Fair
WSCB23222,Straight Trousers,Dyed | Stretch Twill,3490,BLACK,Bottom,Casual,Deep/Dark
WCKT23234,Round Neck T-shirt,Dyed Embroidered | Cotton Jersey,1790,WHITE,Top,Formal,Light/Fair
AK231001,Fabrics 3 Piece Suit,Printed Khaddar | Top Bottoms Dupatta,3490,RED,Complete Outfit,Casual,Deep/Dark
ALK231018,Fabrics 3 Piece Suit,Printed Light Khaddar | Top Bottoms Dupatta,3490,BLACK,Complete Outfit,Casual,Deep/Dark
AK231002,Fabrics 3 Piece Suit,Printed Khaddar | Top Bottoms Dupatta,3490,BEIGE,Complete Outfit,Casual,Light/Fair
ALK231012,Fabrics 3 Piece Suit,Printed Light Khaddar | Top Bottoms Dupatta,3490,PURPLE,Complete Outfit,Casual,Deep/Dark
IK231002,Fabrics 2 Piece,Printed Embroidered Khaddar | Top Bottoms,3290,MAROON,2 Piece Outfit,Casual,Deep/Dark
ACA231005,Fabrics 3 Piece Suit,Printed Cambric | Top Bottoms Dupatta,3490,OFF-WHITE,Complete Outfit,Casual,Light/Fair
ACA231001,Fabrics 3 Piece Suit,Printed Cambric | Top Bottoms Dupatta,3990,BLUE,Complete Outfit,Casual,Deep/Dark
ACA231002,Fabrics 3 Piece Suit,Printed Cambric | Top Bottoms Dupatta,3990,PINK,Complete Outfit,Casual,Light/Fair
ACA231006,Fabrics 3 Piece Suit,Printed Cambric | Top Bottoms Dupatta,3490,NAVY,Complete Outfit,Casual,Deep/Dark
ACA231003,Fabrics 3 Piece Suit,Printed Cambric | Top Bottoms Dupatta,3990,BLACK,Complete Outfit,Casual,Deep/Dark
JCA231002,Fabrics 2 Piece,Printed Cambric | Top Bottoms,2490,PURPLE,2 Piece Outfit,Casual,Deep/Dark
LCA231001,Fabrics 2 Piece,Printed Cambric | Top Dupatta,2590,L-PINK,2 Piece Outfit,Casual,Light/Fair
BPO230603,Fabrics 3 Piece Suit,Dyed Embroidered Polyester Organza | Top Bottoms Dupatta,8990,BLUE,Complete Outfit,Wedding,Deep/Dark
BDS230603,Fabrics 3 Piece Suit,Dyed Embroidered Dull Raw Silk | Top Bottoms Dupatta,7390,BLUE,Complete Outfit,Wedding,Deep/Dark
BPO230601,Fabrics 3 Piece Suit,Dyed Embroidered Polyester Organza | Top Bottoms Dupatta,9790,RED,Complete Outfit,Wedding,Deep/Dark
BPO230604,Fabrics 3 Piece Suit,Dyed Embroidered Polyester Organza | Top Bottoms Dupatta,8990,PURPLE,Complete Outfit,Wedding,Deep/Dark
BDS230604,Fabrics 3 Piece Suit,Dyed Embroidered Dull Raw Silk | Top Bottoms Dupatta,7790,RED,Complete Outfit,Wedding,Deep/Dark
BDS230602,Fabrics 3 Piece Suit,Dyed Embroidered Dull Raw Silk | Top Bottoms Dupatta,8190,BEIGE,Complete Outfit,Wedding,Light/Fair
BDS230601,Fabrics 3 Piece Suit,Dyed Embroidered Dull Raw Silk | Top Bottoms Dupatta,7190,WHITE,Complete Outfit,Wedding,Light/Fair
MLA230703,Fabrics 2 Piece,Printed Embroidered Lawn | Top Dupatta,4390,BLACK,2 Piece Outfit,Casual,Deep/Dark
ILA230704,Fabrics 2 Piece,Printed Embroidered Lawn | Top Bottoms,3990,BROWN,2 Piece Outfit,Casual,Deep/Dark
ILA230701,Fabrics 2 Piece,Printed Embroidered Lawn | Top Bottoms,3590,BLACK,2 Piece Outfit,Casual,Deep/Dark
LLA230703,Fabrics 2 Piece,Printed Lawn | Top Dupatta,2590,ORANGE,2 Piece Outfit,Casual,Deep/Dark
LRI230601,Fabrics 2 Piece,Printed Lawn | Top Dupatta,3590,RED,2 Piece Outfit,Casual,Deep/Dark
MLA230704,Fabrics 2 Piece,Printed Embroidered Lawn | Top Dupatta,4390,BLUE,2 Piece Outfit,Casual,Deep/Dark
LLA230711,Fabrics 2 Piece,Printed Lawn | Top Dupatta,2390,MUSTARD,2 Piece Outfit,Casual,Deep/Dark
LRI230602,Fabrics 2 Piece,Printed Lawn | Top Dupatta,3590,MUSTARD,2 Piece Outfit,Casual,Deep/Dark
ILA230703,Fabrics 2 Piece,Printed Embroidered Lawn | Top Bottoms,4190,WHITE,2 Piece Outfit,Casual,Light/Fair
ILA230702,Fabrics 2 Piece,Printed Embroidered Lawn | Top Bottoms,3590,PURPLE,2 Piece Outfit,Casual,Deep/Dark
LLA230810,Fabrics 2 Piece,Printed Lawn | Top Dupatta,2390,RED,2 Piece Outfit,Casual,Deep/Dark
LLA230809,Fabrics 2 Piece,Printed Lawn | Top Dupatta,2390,MUSTARD,2 Piece Outfit,Casual,Deep/Dark
ALA230817,Fabrics 3 Piece Suit,Printed Lawn | Top Bottoms Dupatta,3990,BEIGE,Complete Outfit,Casual,Light/Fair
BLA230809,Fabrics 3 Piece Suit,Printed Embroidered Lawn | Top Bottoms Dupatta,3690,BEIGE,Complete Outfit,Casual,Light/Fair
ALA230818,Fabrics 3 Piece Suit,Printed Lawn | Top Bottoms Dupatta,3990,MUSTARD,Complete Outfit,Casual,Deep/Dark
BLA230806,Fabrics 3 Piece Suit,Printed Embroidered Lawn | Top Bottoms Dupatta,4390,PINK,Complete Outfit,Casual,Light/Fair
LLA230807,Fabrics 2 Piece,Printed Lawn | Top Dupatta,2490,PURPLE,2 Piece Outfit,Casual,Deep/Dark
ALA230820,Fabrics 3 Piece Suit,Printed Lawn | Top Bottoms Dupatta,3990,BLACK,Complete Outfit,Casual,Deep/Dark
ALA230806,Fabrics 3 Piece Suit,Printed Lawn | Top Bottoms Dupatta,3990,RED,Complete Outfit,Casual,Deep/Dark
JLA230801,Fabrics 2 Piece,Printed Lawn | Top Bottoms,2390,BEIGE,2 Piece Outfit,Casual,Light/Fair
ALA230803,Fabrics 3 Piece Suit,Printed Lawn | Top Bottoms Dupatta,3990,OFF-WHITE,Complete Outfit,Casual,Light/Fair
AMA231003,Fabrics 3 Piece Suit,Printed Marina Twill | Top Bottoms Dupatta,4990,TEAL,Complete Outfit,Casual,Light/Fair
AJ230601,Fabrics 3 Piece Suit,Yarn Dyed Cotton Brosha Jacquard | Top Bottoms Dupatta,6790,BLUE,Complete Outfit,Casual,Deep/Dark
AJ230604,Fabrics 3 Piece Suit,Yarn Dyed Cotton Brosha Jacquard | Top Bottoms Dupatta,6790,RED,Complete Outfit,Casual,Deep/Dark
AJ230602,Fabrics 3 Piece Suit,Yarn Dyed Cotton Brosha Jacquard | Top Bottoms Dupatta,6790,BLACK,Complete Outfit,Casual,Deep/Dark
AJ230603,Fabrics 3 Piece Suit,Yarn Dyed Cotton Brosha Jacquard | Top Bottoms Dupatta,6790,MUSTARD,Complete Outfit,Casual,Deep/Dark
KKF230601,Fabrics 3 Piece Suit | Khaas,Dyed Embroidered Viscose Silk | Top Bottoms Dupatta,18990,BLACK,Complete Outfit,Formal,Deep/Dark
AMA231006,Fabrics 3 Piece Suit,Printed Marina Twill | Top Bottoms Dupatta,4990,PURPLE,Complete Outfit,Casual,Deep/Dark
ALK231015,Fabrics 3 Piece Suit,Printed Light Khaddar | Top Bottoms Dupatta,3490,BLACK,Complete Outfit,Casual,Deep/Dark
BCH231004,Fabrics 3 Piece Suit,Dyed Embroidered Crosshatch | Top Bottoms Dupatta,5490,BLUE,Complete Outfit,Formal,Deep/Dark
BK231003,Fabrics 3 Piece Suit,Printed Embroidered Khaddar | Top Bottoms Shawl,5490,PINK,Complete Outfit,Casual,Light/Fair
LLK231003,Fabrics 2 Piece,Printed Light Khaddar | Top Dupatta,2890,D-PINK,2 Piece Outfit,Casual,Deep/Dark
LK231001,Fabrics 2 Piece,Printed Khaddar | Top Dupatta,2590,BLACK,2 Piece Outfit,Casual,Deep/Dark
LLK231002,Fabrics 2 Piece,Printed Light Khaddar | Top Dupatta,2890,OFF-WHITE,2 Piece Outfit,Casual,Light/Fair
ICH231002,Fabrics 2 Piece,Dyed Embroidered Crosshatch | Top Bottoms,3990,MUSTARD,2 Piece Outfit,Formal,Deep/Dark
MCH231002,Fabrics 2 Piece,Dyed Embroidered Crosshatch | Top Dupatta,3990,CORAL,2 Piece Outfit,Formal,Light/Fair
MLK231002,Fabrics 2 Piece Suit,Printed Embroidered Light Khaddar | Top Dupatta,3390,OFF-WHITE,2 Piece Outfit,Casual,Light/Fair
IK231001,Fabrics 2 Piece,Printed Embroidered Khaddar | Top Bottoms,3290,RUST,2 Piece Outfit,Casual,Deep/Dark
MCA231002,Fabrics 2 Piece,Printed Embroidered Cambric | Top Dupatta,3390,YELLOW,2 Piece Outfit,Casual,Medium/Olive
MCA231001,Fabrics 2 Piece,Printed Embroidered Cambric | Top Dupatta,3390,TEAL,2 Piece Outfit,Casual,Light/Fair
MCH231001,Fabrics 2 Piece,Dyed Embroidered Crosshatch | Top Dupatta,3990,OLIVE,2 Piece Outfit,Formal,Medium/Olive
MCA231003,Fabrics 2 Piece,Printed Embroidered Cambric | Top Dupatta,3390,BLACK,2 Piece Outfit,Casual,Deep/Dark
ICH231001,Fabrics 2 Piece,Dyed Embroidered Crosshatch | Top Bottoms,3990,NAVY,2 Piece Outfit,Formal,Deep/Dark
ICH231003,Fabrics 2 Piece,Dyed Embroidered Crosshatch | Top Bottoms,3990,BLACK,2 Piece Outfit,Formal,Deep/Dark
ISCH231003,Fabrics 2 Piece,Printed Embroidered Slub Crosshatch | Top Bottoms,3990,L-YELLOW,2 Piece Outfit,Formal,Light/Fair
ISCH231004,Fabrics 2 Piece,Printed Embroidered Slub Crosshatch | Top Bottoms,3990,L-GREEN,2 Piece Outfit,Formal,Light/Fair
LLK231001,Fabrics 2 Piece,Printed Light Khaddar | Top Dupatta,2590,GREEN,2 Piece Outfit,Casual,Deep/Dark
LK231002,Fabrics 2 Piece,Printed Khaddar | Top Dupatta,2590,RED,2 Piece Outfit,Casual,Deep/Dark
LLA230913,Fabrics 2 Piece,Printed Lawn | Top Dupatta,2990,BLACK,2 Piece Outfit,Casual,Deep/Dark
JLK231003,Fabrics 2 Piece,Printed Light Khaddar | Top Bottoms,2790,BLACK,2 Piece Outfit,Casual,Deep/Dark
JLK231004,Fabrics 2 Piece,Printed Light Khaddar | Top Bottoms,2790,RED,2 Piece Outfit,Casual,Deep/Dark
EET24144,Classic Kameez,Printed | Cambric,2490,MULTI,Top,Casual,Deep/Dark
EET24145,Classic Kameez,Printed | Cambric,2490,MULTI,Top,Casual,Deep/Dark
EET24150,Classic Kameez,Printed | Cambric,2490,MULTI,Top,Casual,Deep/Dark
EET24147,Classic Kameez,Printed | Cambric,2490,MULTI,Top,Casual,Deep/Dark
EET23530,Classic Kurta,Dyed Embroidered | Crosshatch,3490,RUST,Top,Formal,Deep/Dark
EET23516,Choga,Printed | Khaddar,2990,BLACK,Top,Casual,Deep/Dark
EET24142,Classic Kameez,Printed | Cambric,2490,MULTI,Top,Casual,Deep/Dark
EET24149,Classic Kurta,Printed | Cambric,2490,MULTI,Top,Casual,Deep/Dark
EET24143,Classic Kurta,Printed | Cambric,2490,MULTI,Top,Casual,Deep/Dark
EKT231023,Side Open Long Kameez,Yarn Dyed Embroidered | Raw Silk,20990,MAROON,Top,Wedding,Deep/Dark
EKT231025,Classic Kameez,Yarn Dyed Embroidered | Cotton Net,27990,OFF-WHITE,Top,Wedding,Light/Fair
EKT231023B,Flared Pants,Yarn Dyed Embroidered | Raw Silk,6990,RED,Bottom,Wedding,Deep/Dark
EKS231012,Dupatta,Yarn Dyed Embroidered | Cotton Net,7990,RED,Accessory,Wedding,Deep/Dark
EKB231011,Narrow Culottes,Yarn Dyed Embroidered | Raw Silk,7990,OFF-WHITE,Bottom,Wedding,Light/Fair
EKT231022,Front Open Kameez,Yarn Dyed Embroidered | Raw Silk,29990,BLUE,Top,Wedding,Deep/Dark
EKT231028,Front Open Kameez,Yarn Dyed Embroidered | Cotton Net,27990,GREEN,Top,Wedding,Deep/Dark
EKT231024,Classic Kameez,Yarn Dyed Embroidered | Cotton Net,24990,PINK,Top,Wedding,Light/Fair
EKT231021,Classic Kameez,Yarn Dyed Embroidered | Cotton Net,24990,YELLOW,Top,Wedding,Medium/Olive
EKS231011,Dupatta,Yarn Dyed Embroidered | Cotton Net,12990,OFF-White,Accessory,Wedding,Light/Fair
EKT231021S,Dupatta,Yarn Dyed Embroidered | Cotton Net,12990,YELLOW,Accessory,Wedding,Medium/Olive
EKS231011S,Dupatta,Yarn Dyed Embroidered | Cotton Net,9990,OFF-White,Accessory,Wedding,Light/Fair
EKT22322,Flared Kurta,Dyed Embroidered | Viscose Oak Silk,34990,BLACK,Top,Wedding,Deep/Dark
EKB22310,Flared Pants,Dyed Embroidered | Viscose Oak Silk,8990,BLACK,Bottom,Wedding,Deep/Dark
EKT22324,Classic Kameez,Dyed Embroidered | Viscose Oak Silk,24990,GREEN,Top,Wedding,Deep/Dark
EKB22312,Straight Pants,Dyed Embroidered | Viscose Oak Silk,5990,PINK,Bottom,Wedding,Light/Fair
EKB22309,Narrow Culottes,Dyed Embroidered | Viscose Oak Silk,5990,GREEN,Bottom,Wedding,Deep/Dark
EKT22323,Classic Kameez,Dyed Embroidered | Viscose Oak Silk,29990,PINK,Top,Wedding,Light/Fair
EKT22319,Classic Kurta,Printed Embroidered | Viscose Oak Silk,19990,GREEN,Top,Wedding,Deep/Dark
EKT22318,Classic Kurta,Printed Embroidered | Viscose Oak Silk,24990,BLACK,Top,Wedding,Deep/Dark
EKT22317,Flared Kameez,Printed Embroidered | Viscose Oak Silk,39990,MULTI,Top,Wedding,Deep/Dark
EKT22320,Classic Kameez,Dyed Embroidered | Viscose Oak Silk,29990,MUSTARD,Top,Wedding,Deep/Dark
EKT22320B,Narrow Culottes,Dyed Embroidered | Viscose Oak Silk,5990,MUSTARD,Bottom,Wedding,Deep/Dark
EET235136,Kali Kurta,Printed Embroidered | Dobby,4190,PINK,Top,Formal,Light/Fair
EET235135,Kali Kurta,Dyed Embroidered | Dobby,3990,NAVY,Top,Formal,Deep/Dark
EEB23590,Straight Pants,Dyed | Dobby,1990,NAVY,Bottom,Casual,Deep/Dark
EET235134,Flared Kameez,Printed Embroidered | Dobby,3990,PURPLE,Top,Formal,Deep/Dark
EET235129,Kali Kurta,Printed Embroidered | Dobby,3990,YELLOW,Top,Formal,Medium/Olive
EEB23591,Narrow Culottes,Printed | Dobby,1990,PINK,Bottom,Casual,Light/Fair
EEB23586,Narrow Culottes,Printed | Dobby,1990,YELLOW,Bottom,Casual,Medium/Olive
EET235139,Flared Kameez,Dyed Embroidered | Dobby,4190,OFF-WHITE,Top,Formal,Light/Fair
EEB23592,Tapered Shalwar,Dyed | Dobby,1990,OFF-WHITE,Bottom,Casual,Light/Fair
EET235130,A Line Kameez,Printed | Dobby,3490,OFF-WHITE,Top,Casual,Light/Fair
EET235132,Contemporary Kameez,Printed | Dobby,3490,PINK,Top,Casual,Light/Fair
EET235133,Contemporary Kameez,Dyed Embroidered | Dobby,4190,PINK,Top,Formal,Light/Fair
EST23210,Classic Kameez,Dyed Embroidered | Organza,7490,BLACK,Top,Wedding,Deep/Dark
EST23215T,Classic Kameez,Printed | Viscose Oak Silk,6490,BLUE,Top,Casual,Deep/Dark
EST23212,Classic Kameez,Printed Embroidered | Viscose Oak Silk,7490,BLUE,Top,Wedding,Deep/Dark
EST23201,Contemporary Kameez,Dyed Embroidered | Bamber Chiffon,10990,OFF-WHITE,Top,Wedding,Light/Fair
EST23205,Contemporary Kameez,Dyed Embroidered | Viscose Oak Silk,7990,BLACK,Top,Wedding,Deep/Dark
EST23206,Drop Shoulder,Dyed Embroidered | Viscose Oak Silk,6990,BEIGE,Other,Wedding,Light/Fair
EST23213,Classic Kameez,Printed Embroidered | Viscose Oak Silk,6990,CORAL,Top,Wedding,Light/Fair
EST23211,Classic Kurta,Printed Embroidered | Viscose Oak Silk,5990,WHITE,Top,Wedding,Light/Fair
EST23208,Classic Kurta,Printed | Organza,4990,BLUE,Top,Casual,Deep/Dark
EST23202,Classic Kameez,Printed Embroidered | Bamber Chiffon,8990,GREEN,Top,Wedding,Deep/Dark
EST23215,Classic Kameez,Printed | Viscose Oak Silk,6490,BLUE,Top,Casual,Deep/Dark
EST23203,Drop Shoulder,Dyed Embroidered | Bamber Chiffon,9990,BLUE,Other,Wedding,Deep/Dark
EET23395,Classic Kurta,Printed Embroidered | Lawn,3690,BLACK,Top,Casual,Deep/Dark
EET23392,Flared Kameez,Printed Embroidered | Lawn,3690,BLUE,Top,Casual,Deep/Dark
EET23394,Classic Kurta,Printed | Lawn,3490,OFF-WHITE,Top,Casual,Light/Fair
EET23392B,Tulip Shalwar,Printed | Lawn,2190,BLUE,Bottom,Casual,Deep/Dark
EET23391B,Tulip Shalwar,Printed | Lawn,2190,BEIGE,Bottom,Casual,Light/Fair
EET23391,Drop Shoulder,Printed | Lawn,3490,BEIGE,Other,Casual,Light/Fair
EET23390,Contemporary Kameez,Printed Embroidered | Lawn,3690,WHITE,Top,Casual,Light/Fair
EET23393,Classic Kurta,Printed | Lawn,3490,BLUE,Top,Casual,Deep/Dark
EET23395B,Narrow Culottes,Printed Embroidered | Lawn,2190,BLACK,Bottom,Casual,Deep/Dark
EET23394B,Narrow Culottes,Printed | Lawn,1990,OFF-WHITE,Bottom,Casual,Light/Fair
EET23390B,Straight Pants,Printed | Lawn,1990,WHITE,Bottom,Casual,Light/Fair
EET23393B,Narrow Culottes,Printed | Lawn,1990,BLUE,Bottom,Casual,Deep/Dark
EET23310T,Classic Kurta,Dyed Embroidered | Cotton Cottel,5990,MUSTARD,Top,Formal,Deep/Dark
EET23201,Raglan,Yarn Dyed | Cotton Polyester Broshia Jacquard,3990,BLACK,Top,Casual,Deep/Dark
EET23451,Classic Kameez,Yarn Dyed Embroidered | Mesuri,3690,TEAL,Top,Wedding,Light/Fair
EET23215,Classic Kurta,Yarn Dyed | Yarn Dyed Stripes,3490,PINK,Top,Casual,Light/Fair
EET23207TT,Classic Kameez,Printed | Cambric,2990,BLUE,Top,Casual,Deep/Dark
EET23205,Drop Shoulder,Printed | Cambric,2690,TEAL,Other,Casual,Light/Fair
EET23212,Classic Kurta,Dyed | Cambric,3190,RED,Top,Casual,Deep/Dark
EET23202,Classic Kurta,Yarn Dyed | Cotton Polyester Broshia Jacquard,2990,GREEN,Top,Casual,Deep/Dark
EET23206,Classic Kameez,Printed | Cambric,2490,MULTI,Top,Casual,Deep/Dark
EET23213,Classic Kurta,Yarn Dyed Embroidered | Yarn Dyed Stripes,3490,ORANGE,Top,Formal,Deep/Dark
EET23203,Classic Kurta,Yarn Dyed | Cotton Polyester Broshia Jacquard,3190,OFF-WHITE,Top,Casual,Light/Fair
EET23215T,Classic Kameez,Yarn Dyed | Yarn Dyed Stripes,2990,MULTI,Top,Casual,Deep/Dark
C2T23177BP,Culotte Pants,Block Printed | Dull Raw Silk,3190,RED,Bottom,Casual,Deep/Dark
EET23531,Drop Shoulder,Printed Embroidered | Crosshatch,3690,RUST,Other,Formal,Deep/Dark
EST23428,Classic Kameez,Printed Embroidered | Dull Raw Silk,4990,BLUE,Top,Wedding,Deep/Dark
EST23425,Classic Kameez,Yarn Dyed Embroidered | Cotton Polyester Broshia Jacquard,4490,RED,Top,Formal,Deep/Dark
EET23533,Contemporary Kurta,Dyed Embroidered | Khaddar,3990,BEIGE,Top,Casual,Light/Fair
EET23513,Drop Shoulder,Printed Embroidered | Khaddar,3190,OFF-WHITE,Other,Casual,Light/Fair
EET23529,Classic Kurta,Printed Embroidered | Crosshatch,3190,RUST,Top,Formal,Deep/Dark
EEB23512,Flared Kameez,Dyed | Crosshatch,4990,BLACK,Top,Casual,Deep/Dark
EET24148,Classic Kurta,Printed | Cambric,2490,MULTI,Top,Casual,Deep/Dark
ECT22457,Classic Kameez,Dyed | Cotton Satin Jacquard,3490,MULTI,Top,Casual,Deep/Dark
EET23210,Contemporary Kurta,Dyed | Cambric,3690,BLUE,Top,Casual,Deep/Dark
EET23214,Contemporary Kameez,Yarn Dyed | Yarn Dyed Stripes,3990,BLUE,Top,Casual,Deep/Dark
EET23211,Raglan,Dyed | Cambric,3690,BLUE,Top,Casual,Deep/Dark
EET23203T,Contemporary Kameez,Yarn Dyed | Cotton Polyester Broshia Jacquard,3190,OFF-WHITE,Top,Casual,Light/Fair
EET23313,Contemporary Kameez,Dyed | Cotton Cottel,4190,RED,Top,Casual,Deep/Dark
EES23510,Shawl,Yarn Dyed Embroidered | Rashmina Acrylic,3190,RUST,Accessory,Formal,Deep/Dark
EES24205,Dupatta,Printed | Lawn,1990,MULTI,Accessory,Casual,Deep/Dark
ESS23410,Dupatta,Yarn Dyed Embroidered | Cotton Polyester Broshia Jacquard,3990,GREEN,Accessory,Formal,Deep/Dark
EES23515,Dupatta,Printed Embroidered | Light Khaddar,2490,RUST,Accessory,Casual,Deep/Dark
EES24120,Dupatta,Dyed | Lawn,1990,MULTI,Accessory,Casual,Deep/Dark
EES23517,Dupatta,Printed | Light Khaddar,1990,BLACK,Accessory,Casual,Deep/Dark
EES23509,Stole,Yarn Dyed Embroidered | Rashmina Acrylic,1990,GREEN,Accessory,Formal,Deep/Dark
EES23513,Dupatta,Printed | Light Khaddar,1990,BEIGE,Accessory,Casual,Light/Fair
EES24121,Dupatta,Dyed | Lawn,1990,MULTI,Accessory,Casual,Deep/Dark
ESS23416,Dupatta,Yarn Dyed Printed | Polyester Net,3190,RED,Accessory,Casual,Deep/Dark
ESS23415,Dupatta,Yarn Dyed Printed | Polyester Net,2990,MULTI,Accessory,Casual,Deep/Dark
ESS23411,Dupatta,Dyed Embroidered | Viscose Polyester Net,3990,PURPLE,Accessory,Formal,Deep/Dark
EEB24134,Straight Pants,Printed | Cambric,1490,MULTI,Bottom,Casual,Deep/Dark
EEB24135,Straight Pants,Printed | Cambric,1490,MULTI,Bottom,Casual,Deep/Dark
EEB24140,Narrow Culottes,Printed | Cambric,1490,MULTI,Bottom,Casual,Deep/Dark
EEB24137,Narrow Culottes,Printed | Cambric,1490,MULTI,Bottom,Casual,Deep/Dark
EEB24132,Classic Shalwar,Printed | Cambric,1490,MULTI,Bottom,Casual,Deep/Dark
EEB24139,Classic Shalwar,Printed | Cambric,1490,MULTI,Bottom,Casual,Deep/Dark
EET23532B,Narrow Culottes,Dyed Embroidered | Crosshatch,2190,BLACK,Bottom,Formal,Deep/Dark
EEB24131,Classic Shalwar,Printed | Cambric,1490,MULTI,Bottom,Casual,Deep/Dark
EET23531B,Straight Pants,Dyed | Crosshatch,1690,RUST,Bottom,Casual,Deep/Dark
EEB23510,Narrow Culottes,Dyed | Crosshatch,1690,GREEN,Bottom,Casual,Deep/Dark
ESB23416,Narrow Culottes,Yarn Dyed Embroidered | Cotton Polyester Broshia Jacquard,2490,GREEN,Bottom,Formal,Deep/Dark
EEB24136,Narrow Culottes,Printed | Cambric,1490,MULTI,Bottom,Casual,Deep/Dark
EEB23511,Classic Shalwar,Dyed | Crosshatch,1690,RED,Bottom,Casual,Deep/Dark
ESB23414,Tapered Shalwar,Dyed Embroidered | Dull Raw Silk,3690,PURPLE,Bottom,Wedding,Deep/Dark
ESB23411,Tapered Shalwar,Dyed | Dull Raw Silk,2690,BLUE,Bottom,Casual,Deep/Dark
ESB23412,Tapered Shalwar,Dyed Embroidered | Dull Raw Silk,2690,BROWN,Bottom,Wedding,Deep/Dark
EKT231026B,Classic Shalwar,Yarn Dyed Embroidered | Raw Silk,5990,OFF-WHITE,Bottom,Wedding,Light/Fair
EEB24121,Tapered Shalwar,Printed | Cambric,1490,MULTI,Bottom,Casual,Deep/Dark
EEB24126,Classic Shalwar,Printed | Cambric,1490,MULTI,Bottom,Casual,Deep/Dark
ESB23208,Cuff Shalwar,Printed Embroidered | Viscose Oak Silk,4990,BLUE,Bottom,Wedding,Deep/Dark
ESS23412,Dupatta,Dyed Embroidered | Viscose Polyester Net,3990,PINK,Accessory,Formal,Light/Fair
ESS23409,Dupatta,Yarn Dyed Embroidered | Cotton Polyester Broshia Jacquard,3690,GREEN,Accessory,Formal,Deep/Dark
EES23518,Shawl,Yarn Dyed | Rashmina Acrylic,2190,NAVY,Accessory,Casual,Deep/Dark
ESS23266,Stole,Printed | Viscose Oak Silk,3490,BEIGE,Accessory,Casual,Light/Fair
ESS23265,Stole,Yarn Dyed Embroidered | Cotton Net,4190,OLIVE,Accessory,Wedding,Medium/Olive
ESS23263,Stole,Yarn Dyed Embroidered | Cotton Net,2990,GREEN,Accessory,Wedding,Deep/Dark
ESS23264,Stole,Yarn Dyed Embroidered | Cotton Net,3690,BLACK,Accessory,Wedding,Deep/Dark
EES23288,Stole,Printed | Lawn,1690,PINK,Accessory,Casual,Light/Fair
ESS23245,Stole,Dyed Embroidered | Waffle Jacquard,4190,MUSTARD,Accessory,Formal,Deep/Dark
EES23146,Stole,Printed | Cotton Square,1690,MULTI,Accessory,Casual,Deep/Dark
ESS23131,Stole,Dyed Embroidered | Viscose Polyester Net,3690,PURPLE,Accessory,Formal,Deep/Dark
ESS23132,Stole,Dyed Embroidered | Viscose Polyester Net,3990,GREEN,Accessory,Formal,Deep/Dark
WCKT23226,V Neck Blouse,Dyed | Flat Back Variegated Rib,2990,BLACK,Top,Casual,Deep/Dark
WCKT23230,Drop Shoulder T-shirt,Printed | Cotton Jersey,1990,PINK,Top,Casual,Light/Fair
WCKT23233,Round Neck T-shirt,Dyed Embroidered | Cotton Jersey,1790,BLACK,Top,Formal,Deep/Dark
WCKT23225T,Sleeveless T-shirt,Dyed | Flat Back Variegated Rib,2190,GREEN,Top,Casual,Deep/Dark
WCKT23221,Round Neck T-shirt,Printed | Cotton Jersey,1990,YELLOW,Top,Casual,Medium/Olive
WCKT23225,V Neck Blouse,Dyed | Flat Back Variegated Rib,2990,GREEN,Top,Casual,Deep/Dark
WCKT23228,Drop Shoulder T-shirt,Printed | Cotton Jersey,2190,WHITE,Top,Casual,Light/Fair
WCKT23229,A Line Dress,Dyed | Flat Back Variegated Rib,3190,BLACK,Top,Casual,Deep/Dark
WCKD23210,Belted A Line Dress,Dyed | Flat Back Variegated Rib,3990,GREY,Top,Casual,Light/Fair
WCKB23227,Bootcut Trousers,Dyed | Flat Back Variegated Rib,2790,GREEN,Bottom,Casual,Deep/Dark
WCKB23213,Balloon Trousers,Dyed | Lycra Jersey,2790,BLACK,Bottom,Casual,Deep/Dark
WSCT23232,Button Down Shirt,Dyed Embroidered | Viscose Oak Silk,5490,BROWN,Top,Wedding,Deep/Dark
WSCD23249T,Oversized Blouse,Printed | Viscose Crepe,3690,MULTI,Top,Casual,Deep/Dark
WSCD23249,Belted Kaftan,Printed | Viscose Crepe,4190,MULTI,Top,Casual,Deep/Dark
WSCT23234,Button Down Shirt,Printed | Viscose Crepe,3690,BLACK,Top,Casual,Deep/Dark
WSCT23235,Tie Neck Blouse,Printed | Bamber Chiffon,4190,BROWN,Top,Casual,Deep/Dark
WSCT23211,V Neck Blouse,Dyed Embroidered | Organza,5490,OFF-WHITE,Top,Wedding,Light/Fair
WSCT23233,Raglan Blouse,Printed | Viscose Crepe,3690,MULTI,Top,Casual,Deep/Dark
WSCT23237,Raglan Tunic,Printed Embroidered | Bamber Chiffon,4490,BLACK,Top,Wedding,Deep/Dark
WSCD23253,Oversized Blouse,Dyed Embroidered | Viscose Crepe,3690,BLACK,Top,Formal,Deep/Dark
WSCD23252,Belted Shirt Dress,Dyed Embroidered | Viscose Oak Silk,6490,BLACK,Top,Wedding,Deep/Dark
WSCB23231,Bootcut Trousers,Dyed | Viscose Oak Silk,2990,BROWN,Bottom,Casual,Deep/Dark
WCWD23221,Tiered Dress,Dyed Embroidered | Cotton Cottel,4990,BLUE,Top,Formal,Deep/Dark
WCWB23219,Drop Shoulder Button Down Shirt,Dyed | Cotton Stretch Poplin,4690,GREEN,Top,Casual,Deep/Dark
WCWD23221D,Tiered Dress,Dyed Embroidered | Cotton Cottel,5490,BLUE,Top,Formal,Deep/Dark
WCWT23215,Band Collar Button Down Shirt,Dyed Embroidered | Cambric,4490,BEIGE,Top,Casual,Light/Fair
WCWT23213,Raglan Button Down Shirt,Dyed | Cotton Cottel,4490,WHITE,Top,Casual,Light/Fair
WCWT23217,Batwing Blouse,Printed | Cotton Viscose,4690,BROWN,Top,Casual,Deep/Dark
WCWB23216,Drop Shoulder Button Down Shirt,Dyed Embroidered | Cotton Stretch Poplin,4490,BLUE,Top,Formal,Deep/Dark
WCWT23214,Drop Shoulder Button Down Shirt,Dyed Embroidered | Cotton Stretch Poplin,4490,BLACK,Top,Formal,Deep/Dark
WCWD23223,Belted Dress,Printed | Cotton Viscose,6490,BLACK,Top,Casual,Deep/Dark
WCWT23216,Classic Button Down Shirt With Cuff Sleeves,Printed | Cotton Viscose,4690,OFF-WHITE,Top,Casual,Light/Fair
WCWB23218,Drop Shoulder Button Down Shirt,Dyed Embroidered | Cotton Stretch Poplin,4490,WHITE,Top,Formal,Light/Fair
WCWD23222,Raglan Dress,Dyed Embroidered | Cotton Cottel,5490,BROWN,Top,Formal,Deep/Dark
WSCD23233,V Neck Tunic,Dyed | Polyester Broshia,4190,PINK,Top,Casual,Light/Fair
WSCD23232,Button Down Shirt,Dyed | Polyester Broshia,4690,PINK,Top,Casual,Light/Fair
WSCT23222B,V Neck Blouse,Printed | Textured Chiffon,4190,BLACK,Top,Casual,Deep/Dark
WSCT23221,Button Down Shirt,Dyed | Ripple Polyester,4690,L-GREEN,Top,Casual,Light/Fair
WSCT23220,Button Down Shirt,Dyed | Polyester Broshia,4690,MAROON,Top,Casual,Deep/Dark
WSCD23234,Button Down Shirt,Dyed | Ripple Polyester,4690,MAROON,Top,Casual,Deep/Dark
WSCD23231,Belted Oversized Blouse,Dyed | Pleated Georgette,4190,BLUE,Top,Casual,Deep/Dark
WSCD23236,Raglan Blouse,Printed | Textured Chiffon,4190,OFF-WHITE,Top,Casual,Light/Fair
WSCT23219,A-Line Dress,Dyed | Pleated Georgette,4490,PINK,Top,Casual,Light/Fair
WSCD23230,Belted Dress,Dyed | Pleated Georgette,5990,YELLOW,Top,Casual,Medium/Olive
WSCD23236D,Belted Raglan Dress,Printed | Textured Chiffon,7990,OFF-WHITE,Top,Casual,Light/Fair
WSCT23222,Belted Dress,Printed | Textured Chiffon,7990,BLACK,Top,Casual,Deep/Dark
WCKT23238,Drop Shoulder T-shirt,Dyed Embroidered | Cotton Jersey,1790,BLACK,Top,Formal,Deep/Dark
WCKT23252,Drop Shoulder T-shirt,Printed | Cotton Jersey,1790,WHITE,Top,Casual,Light/Fair
WCKT23239,Drop Shoulder T-shirt,Dyed Embroidered | VP Lycra Jersey,1790,GREEN,Top,Formal,Deep/Dark
WCKT23248,Round Neck T-shirt,Printed | Lycra Jersey,2190,WHITE,Top,Casual,Light/Fair
WCKB23218,Bootcut Pants,Dyed | Stretch French Terry,2590,GREEN,Bottom,Casual,Deep/Dark
WCKT23247,Round Neck T-shirt,Printed Embroidered | Lycra Jersey,1990,GREY,Top,Formal,Light/Fair
WCKT23244,Round Neck T-shirt,Printed | Lycra Jersey,1790,WHITE,Top,Casual,Light/Fair
WCKT23254,Tank Top,Dyed | Lycra Rib,1190,BEIGE,Other,Casual,Light/Fair
WCKT23243,Drop Shoulder T-shirt,Printed Embroidered | Single Jersey,2190,BLUE,Top,Formal,Deep/Dark
WCKT23245,Drop Shoulder T-shirt,Printed Embroidered | Lycra Jersey,2190,BLACK,Top,Formal,Deep/Dark
WCKB23220,Shalwar Pants,Dyed | Lycra Jersey,2390,GREY,Bottom,Casual,Light/Fair
WCKB23219,Shalwar Pants,Dyed | Double Jersey,2390,BLUE,Bottom,Casual,Deep/Dark
WCKT23246,Oversized T-Shirt,Printed | Lycra Jersey,1990,WHITE,Top,Casual,Light/Fair
WCKT23249,Round Neck T-shirt,Printed | Lycra Jersey,1790,YELLOW,Top,Casual,Medium/Olive
WSCD23222,Tiered Dress,Dyed Embroidered | Viscose Crepe,5990,MAROON,Top,Formal,Deep/Dark
WSCB23209T,V Neck Tunic,Dyed Embroidered | Viscose Crepe,4990,BLACK,Top,Formal,Deep/Dark
WSCD23217B,Culottes Pants,Dyed Embroidered | Viscose Crepe,3190,OFF-WHITE,Bottom,Formal,Light/Fair
WSCD23219,Elasticated Hem Dress,Printed | Viscose Oak Silk,5990,OFF-WHITE,Top,Casual,Light/Fair
WSCD23217,Button Down Shirt,Dyed Embroidered | Viscose Crepe,4490,OFF-WHITE,Top,Formal,Light/Fair
WSCT23213B,Straight Pants,Printed | Viscose Crepe,2390,MULTI,Bottom,Casual,Deep/Dark
WSCB23207,Single Tiered Belted Dress,Printed | Chiffon,6990,GREEN,Top,Casual,Deep/Dark
WSCD23220,Elasticated Hem Dress,Printed Embroidered | Chiffon,6990,BLACK,Top,Formal,Deep/Dark
WSCD23223,Belted Jumpsuit,Printed | Viscose Crepe,4990,MAROON,Other,Casual,Deep/Dark
WSCD23218,Tiered Dress,Dyed Embroidered | Viscose Crepe,5990,BLACK,Top,Formal,Deep/Dark
WSCT23213,Button Down Shirt,Printed | Viscose Crepe,4190,MULTI,Top,Casual,Deep/Dark
WCKO22416,Oversized Sweatshirt,Printed Lycra Terry | Sweatshirt,2690,RED,Top,Casual,Deep/Dark
WCWD23220,Raglan Tunic,Dyed | Crosshatch Poplin,3490,BLACK,Top,Casual,Deep/Dark
WCWS23208,Peplum,Dyed Embroidered | Triblend,4490,RED,Top,Formal,Deep/Dark
WCWT23226,Peplum,Printed | Premium Lawn,4190,BLUE,Top,Casual,Deep/Dark
WCWT23227,Raglan Blouse,Printed Embroidered | Premium Lawn,4690,PINK,Top,Formal,Light/Fair
WCWS23207,Button Down Shirt,Dyed | Ripple Crinkle,3490,BLUE,Top,Casual,Deep/Dark
WCWT23212,Button Down Shirt,Printed Embroidered | Crosshatch Poplin,4490,BLUE,Top,Formal,Deep/Dark
WCWD23218,Drop Shoulder Button Down Shirt,Dyed | Ripple Crinkle,3490,PINK,Top,Casual,Light/Fair
WCWT23210,Button Down Shirt,Printed | Ripple Crinkle,3490,GREEN,Top,Casual,Deep/Dark
WCKT23127,Polo Shirt,Yarn Dyed | Jacquard Jersey,3190,BLACK,Top,Casual,Deep/Dark
WSCD23229,Batwing Button Down Tunic,Dyed | Heavy Georgette,4490,GREEN,Top,Casual,Deep/Dark
WSCT23115,Classic Button Down Shirt,Printed | Viscose Cottel,3190,PURPLE,Top,Casual,Deep/Dark
WCKT23275,Basic Camisole,Dyed | Lycra Jersey,990,BEIGE,Other,Casual,Light/Fair
WCWD23215,Belted Shirt Dress,Printed | Ripple Crinkle,5990,BLUE,Top,Casual,Deep/Dark
WCWD23217,Belted A Line Dress,Dyed Embroidered | Triblend,6990,BLACK,Top,Formal,Deep/Dark
WCWD23214,Belted Shirt Dress,Printed | Ripple Crinkle,5990,BLUE,Top,Casual,Deep/Dark
WCWD23216,Tiered Dress,Printed Embroidered | Crosshatch Poplin,6990,OFF-WHITE,Top,Formal,Light/Fair
WCKD23105B,Low Tiered Dress,Printed | Lycra Jersey,3690,MULTI,Top,Casual,Deep/Dark
WCKB23212,Balloon Trousers,Dyed | Lycra Jersey,2790,WHITE,Bottom,Casual,Light/Fair
WCWB23208,Straight Trousers,Dyed | Stretch Twill,2990,BEIGE,Bottom,Casual,Light/Fair
WCWB23207B,Culottes,Dyed | Stretch Twill,3190,OFF-WHITE,Bottom,Casual,Light/Fair
WSCD23235B,Straight Trousers,Dyed | Ripple Polyester,4490,BLACK,Bottom,Casual,Deep/Dark
WSCT23219B,Flared Pants,Dyed | Pleated Georgette,3690,PINK,Bottom,Casual,Light/Fair
WCWB22416,Mid-Rise Skinny Jeans,Mid Blue Wash Stretch Denim,3490,BLUE,Bottom,Casual,Deep/Dark
WCWB22415,High-Rise Skinny Jeans,Light Blue Wash Stretch Denim,3690,BLUE,Bottom,Casual,Deep/Dark
WCWB22411,High-Rise Skinny Jeans,Dark Blue Wash Stretch Denim,3690,BLUE,Bottom,Casual,Deep/Dark
WCWB22418,High-Rise Bootcut Jeans,Black Stretch Denim,3990,BLACK,Bottom,Casual,Deep/Dark
WCWB22417,Mid-Rise Skinny Jeans,Black Stretch Denim,3490,BLACK,Bottom,Casual,Deep/Dark
WCWB22412,Mid-Rise Bootcut Jeans,Light Blue Wash Stretch Denim,3990,BLUE,Bottom,Casual,Deep/Dark
WCWB22414E,Tiered Skirt,Skirt,6490,WHITE,Bottom,Casual,Light/Fair
EST22481,Classic Kurta,Dyed Embroidered | Marina Herringbone,6490,BROWN,Top,Formal,Deep/Dark
EEO22438,Drop Shoulder,Printed | Corduroy,5990,MULTI,Other,Casual,Deep/Dark
EET22436,Classic Kameez,Printed | Corduroy,4990,MULTI,Top,Casual,Deep/Dark
EEO22480,Classic Kameez,Yarn Dyed Embroidered | Denim,5490,BLUE,Top,Formal,Deep/Dark
ECT22405KN,Flared Kameez,Printed | Khaddi Net,6990,PURPLE,Top,Casual,Deep/Dark
ECT22408KN,Classic Kurta,Printed | Khaddi Net,7490,BLUE,Top,Casual,Deep/Dark
ECT22412KN,Classic Kameez,Dyed Embroidered | Khaddi Net,14990,WHITE,Top,Formal,Light/Fair
ECT22406KN,Flared Kameez,Printed | Khaddi Net,6990,BEIGE,Top,Casual,Light/Fair
ECT22410KN,Classic Kurta,Printed | Khaddi Net,7990,LILAC,Top,Casual,Light/Fair
EST22491,Classic Kameez,Dyed Embroidered | Cambric,7490,BLACK,Top,Casual,Deep/Dark
ECT22407KN,Classic Kameez,Printed | Khaddi Net,7490,BLACK,Top,Casual,Deep/Dark
EST23179,Drop Shoulder,Dyed Embroidered | Dobby,8990,PINK,Other,Formal,Light/Fair
EET23274,Contemporary Kameez,Yarn Dyed | Cotton Polyester Broshia Jacquard,4490,RED,Top,Casual,Deep/Dark
ESB23157,Straight Pants,Dyed Embroidered | Dobby,2490,ORANGE,Bottom,Formal,Deep/Dark
EST23186,Flared Kameez,Printed Embroidered | Dull Raw Silk,5490,MULTI,Top,Wedding,Deep/Dark
EST23188,Flared Kameez,Printed Embroidered | Dull Raw Silk,5990,MULTI,Top,Wedding,Deep/Dark
ESB23144B,Narrow Culottes,Dyed Embroidered | Dull Raw Silk,2490,BLUE,Bottom,Wedding,Deep/Dark
EST23172,Classic Kurta,Dyed Embroidered | Dull Raw Silk,8490,BLUE,Top,Wedding,Deep/Dark
EST23166,Flared Kameez,Printed Embroidered | Cotton Cottel,4990,MULTI,Top,Formal,Deep/Dark
EEB23244,Narrow Culottes,Yarn Dyed | Cotton Polyester Broshia Jacquard,1990,RED,Bottom,Casual,Deep/Dark
ESB23222,Narrow Culottes,Yarn Dyed Embroidered | Cotton Polyester Broshia Jacquard,2690,GREEN,Bottom,Formal,Deep/Dark
EST23176,Classic Kurta,Dyed Embroidered | Cambric,6990,PURPLE,Top,Casual,Deep/Dark
EST23232,Classic Kurta,Yarn Dyed Embroidered | Cotton Polyester Broshia Jacquard,6490,GREEN,Top,Formal,Deep/Dark
EET23347,Kali Kurta,Dyed Embroidered | Dobby,3490,BLUE,Top,Formal,Deep/Dark
EET23349T,Kali Kurta,Dyed | Dobby,2990,OFF-WHITE,Top,Casual,Light/Fair
EET23348T,Classic Kameez,Dyed | Dobby,2990,PINK,Top,Casual,Light/Fair
EET23339,Contemporary Kameez,Printed | Cambric,2690,BLUE,Top,Casual,Deep/Dark
EET23336,Classic Kameez,Printed | Cotton Viscose,2990,MULTI,Top,Casual,Deep/Dark
EET23338,Classic Kameez,Printed | Cotton Viscose,2990,RED,Top,Casual,Deep/Dark
EET23346T,Classic Kurta,Dyed | Dobby,2990,YELLOW,Top,Casual,Medium/Olive
EET231186,Kali Kurta,Printed | Cambric,2190,MULTI,Top,Casual,Deep/Dark
EET23345,Classic Kurta,Printed | Cambric,2990,MULTI,Top,Casual,Deep/Dark
EET23346,Kali Kurta,Dyed Embroidered | Dobby,3490,YELLOW,Top,Formal,Medium/Olive
EET23340,Classic Kameez,Printed | Cambric,2690,PINK,Top,Casual,Light/Fair
EET23350,Classic Kameez,Dyed Embroidered | Dobby,3490,BLUE,Top,Formal,Deep/Dark
ALA230802,Fabrics 3 Piece Suit,Printed | Top Bottoms Dupatta,4190,PURPLE,Complete Outfit,Casual,Deep/Dark
BLA230804,Fabrics 3 Piece Suit,Printed Embroidered | Top Bottoms Dupatta,4590,YELLOW,Complete Outfit,Formal,Medium/Olive
ALA230801,Fabrics 3 Piece Suit,Printed | Top Bottoms Dupatta,4190,YELLOW,Complete Outfit,Casual,Medium/Olive
LLA230801,Fabrics 2 Piece,Printed | Top Dupatta,3190,GREEN,2 Piece Outfit,Casual,Deep/Dark
BLA230803,Fabrics 3 Piece Suit,Printed Embroidered | Top Bottoms Dupatta,5190,MAROON,Complete Outfit,Formal,Deep/Dark
ALA230828,Fabrics 3 Piece Suit,Printed | Top Bottoms Dupatta,4190,BLACK,Complete Outfit,Casual,Deep/Dark
ALA230827,Fabrics 3 Piece Suit,Printed | Top Bottoms Dupatta,4190,GREEN,Complete Outfit,Casual,Deep/Dark
LLA230802,Fabrics 2 Piece,Printed | Top Dupatta,3190,OFF-WHITE,2 Piece Outfit,Casual,Light/Fair
